,Sohail Tanvir,SK Warne,S Sreesanth,PP Chawla,SR Watson,RP Singh,IK Pathan,A Nehra,JA Morkel,PP Ojha,A Kumble,A Mishra,SL Malinga,MM Patel,Harbhajan Singh,R Vinay Kumar,DJ Bravo,YS Chahal,R Ashwin
0,0.0,0.0,0.0,0.0,0.0,0.0,0.0,0.0,0.0,0.0,0.0,0.0,0.0,0.0,0.0,0.0,0.0,0.0,0
1,0.0,1.0,0.0,1.0,1.0,0.0,1.0,0.0,0.0,2.0,1.0,1.0,0.0,0.0,1.0,0.0,0.0,1.0,0
2,1.0,1.0,1.0,2.0,1.0,0.0,1.0,0.0,2.0,2.0,1.0,1.0,1.0,1.0,2.0,1.0,1.0,1.0,0
3,3.0,2.0,3.0,2.0,1.0,0.0,1.0,0.0,2.0,3.0,1.0,1.0,1.0,2.0,2.0,1.0,1.0,1.0,0
4,3.0,2.0,3.0,3.0,1.0,0.0,2.0,0.0,2.0,3.0,2.0,1.0,1.0,2.0,2.0,3.0,1.0,1.0,0
5,3.0,2.0,3.0,3.0,4.0,1.0,3.0,0.0,3.0,3.0,4.0,2.0,2.0,4.0,2.0,3.0,1.0,2.0,0
6,3.0,2.0,3.0,4.0,4.0,1.0,3.0,0.0,4.0,4.0,4.0,2.0,2.0,5.0,2.0,4.0,1.0,2.0,0
7,3.0,2.0,4.0,5.0,7.0,1.0,3.0,0.0,5.0,5.0,5.0,2.0,5.0,5.0,2.0,4.0,1.0,2.0,1
8,4.0,2.0,5.0,5.0,8.0,2.0,3.0,1.0,5.0,7.0,5.0,3.0,5.0,7.0,3.0,5.0,1.0,2.0,1
9,6.0,3.0,5.0,6.0,8.0,3.0,4.0,2.0,5.0,7.0,5.0,3.0,6.0,7.0,3.0,5.0,1.0,2.0,2
10,6.0,3.0,5.0,6.0,9.0,4.0,4.0,3.0,5.0,8.0,6.0,4.0,7.0,7.0,3.0,5.0,1.0,3.0,3
11,9.0,3.0,5.0,6.0,9.0,4.0,4.0,3.0,5.0,9.0,6.0,6.0,7.0,8.0,4.0,5.0,1.0,3.0,3
12,11.0,4.0,7.0,7.0,9.0,5.0,5.0,4.0,6.0,11.0,7.0,7.0,7.0,8.0,4.0,6.0,1.0,4.0,3
13,12.0,4.0,7.0,7.0,9.0,6.0,5.0,5.0,7.0,11.0,7.0,7.0,7.0,9.0,4.0,6.0,4.0,5.0,3
14,13.0,5.0,7.0,8.0,9.0,6.0,5.0,6.0,7.0,12.0,7.0,7.0,7.0,9.0,4.0,6.0,4.0,5.0,3
15,13.0,5.0,9.0,9.0,9.0,8.0,5.0,6.0,8.0,12.0,7.0,7.0,7.0,9.0,5.0,6.0,4.0,7.0,3
16,13.0,6.0,9.0,10.0,9.0,8.0,6.0,6.0,8.0,13.0,7.0,8.0,9.0,10.0,5.0,7.0,4.0,7.0,3
17,14.0,6.0,9.0,10.0,11.0,8.0,6.0,6.0,9.0,13.0,8.0,10.0,10.0,10.0,6.0,8.0,6.0,8.0,4
18,17.0,7.0,10.0,11.0,11.0,8.0,7.0,8.0,9.0,13.0,9.0,11.0,10.0,10.0,7.0,8.0,7.0,9.0,6
19,19.0,7.0,10.0,11.0,12.0,8.0,7.0,9.0,9.0,13.0,10.0,12.0,10.0,10.0,8.0,8.0,7.0,9.0,6
20,20.0,9.0,11.0,11.0,13.0,8.0,8.0,9.0,9.0,13.0,11.0,12.0,10.0,11.0,10.0,9.0,7.0,9.0,7
21,20.0,9.0,11.0,12.0,13.0,9.0,8.0,9.0,10.0,13.0,11.0,12.0,12.0,11.0,10.0,10.0,10.0,9.0,10
22,21.0,10.0,11.0,13.0,14.0,10.0,8.0,9.0,10.0,14.0,11.0,12.0,15.0,11.0,10.0,10.0,12.0,9.0,10
23,21.0,10.0,11.0,13.0,14.0,11.0,8.0,10.0,13.0,14.0,11.0,13.0,15.0,11.0,12.0,11.0,12.0,9.0,11
24,22.0,10.0,11.0,14.0,14.0,12.0,8.0,11.0,14.0,14.0,11.0,13.0,17.0,11.0,13.0,11.0,12.0,10.0,12
25,22.0,10.0,12.0,15.0,14.0,12.0,8.0,13.0,14.0,14.0,11.0,13.0,18.0,11.0,14.0,11.0,12.0,10.0,12
26,22.0,11.0,13.0,15.0,14.0,12.0,8.0,13.0,15.0,14.0,12.0,14.0,18.0,13.0,15.0,12.0,13.0,10.0,13
27,22.0,11.0,13.0,15.0,14.0,12.0,8.0,15.0,15.0,14.0,13.0,15.0,18.0,14.0,15.0,12.0,14.0,10.0,13
28,22.0,11.0,13.0,15.0,15.0,13.0,8.0,15.0,15.0,16.0,13.0,15.0,18.0,16.0,15.0,12.0,15.0,11.0,13
29,22.0,11.0,15.0,16.0,15.0,14.0,8.0,15.0,15.0,17.0,13.0,15.0,18.0,16.0,16.0,12.0,15.0,11.0,14
30,22.0,11.0,15.0,16.0,15.0,14.0,8.0,16.0,15.0,18.0,13.0,16.0,18.0,18.0,17.0,12.0,16.0,11.0,15
31,22.0,12.0,15.0,17.0,17.0,14.0,8.0,16.0,15.0,20.0,13.0,16.0,18.0,19.0,17.0,12.0,17.0,13.0,15
32,22.0,12.0,15.0,17.0,18.0,14.0,8.0,16.0,16.0,21.0,13.0,16.0,18.0,20.0,17.0,12.0,18.0,14.0,16
33,22.0,12.0,16.0,17.0,20.0,15.0,8.0,16.0,16.0,22.0,13.0,16.0,19.0,20.0,17.0,12.0,18.0,14.0,17
34,22.0,12.0,16.0,18.0,21.0,15.0,9.0,17.0,16.0,22.0,13.0,16.0,19.0,20.0,17.0,12.0,20.0,14.0,17
35,22.0,12.0,16.0,19.0,22.0,15.0,9.0,18.0,18.0,23.0,13.0,16.0,19.0,20.0,17.0,12.0,22.0,14.0,17
36,22.0,13.0,17.0,19.0,22.0,15.0,9.0,19.0,18.0,24.0,13.0,17.0,20.0,20.0,17.0,13.0,22.0,15.0,17
37,22.0,15.0,17.0,20.0,22.0,16.0,9.0,20.0,20.0,25.0,13.0,17.0,20.0,22.0,18.0,15.0,22.0,15.0,17
38,22.0,15.0,17.0,22.0,23.0,17.0,9.0,20.0,21.0,25.0,13.0,17.0,21.0,22.0,18.0,15.0,23.0,15.0,18
39,22.0,16.0,17.0,22.0,23.0,19.0,10.0,21.0,23.0,27.0,13.0,18.0,22.0,22.0,18.0,15.0,24.0,18.0,19
40,22.0,17.0,17.0,22.0,23.0,19.0,10.0,22.0,25.0,27.0,14.0,20.0,23.0,22.0,18.0,15.0,25.0,19.0,20
41,22.0,17.0,17.0,23.0,24.0,19.0,10.0,24.0,25.0,27.0,14.0,20.0,23.0,24.0,18.0,15.0,26.0,21.0,20
42,22.0,17.0,18.0,23.0,24.0,19.0,10.0,24.0,26.0,28.0,15.0,20.0,25.0,24.0,18.0,15.0,26.0,21.0,20
43,22.0,17.0,20.0,23.0,25.0,20.0,10.0,24.0,26.0,28.0,15.0,20.0,26.0,25.0,18.0,15.0,26.0,21.0,20
44,22.0,17.0,20.0,23.0,25.0,22.0,11.0,24.0,26.0,28.0,15.0,20.0,26.0,27.0,18.0,15.0,27.0,22.0,21
45,22.0,18.0,21.0,23.0,25.0,23.0,11.0,24.0,26.0,29.0,15.0,20.0,27.0,28.0,19.0,16.0,28.0,22.0,21
46,22.0,18.0,21.0,24.0,25.0,25.0,12.0,24.0,26.0,29.0,15.0,20.0,27.0,28.0,19.0,16.0,28.0,22.0,22
47,22.0,18.0,21.0,24.0,26.0,25.0,12.0,24.0,26.0,29.0,16.0,20.0,28.0,28.0,19.0,16.0,28.0,23.0,22
48,22.0,19.0,21.0,24.0,27.0,25.0,12.0,24.0,26.0,29.0,16.0,20.0,28.0,29.0,19.0,16.0,30.0,24.0,22
49,22.0,20.0,22.0,24.0,30.0,25.0,12.0,24.0,28.0,30.0,17.0,22.0,29.0,31.0,20.0,17.0,31.0,24.0,22
50,22.0,20.0,23.0,25.0,31.0,25.0,12.0,25.0,28.0,31.0,17.0,23.0,29.0,31.0,20.0,17.0,31.0,24.0,23
51,22.0,22.0,25.0,26.0,31.0,26.0,13.0,25.0,28.0,31.0,17.0,24.0,30.0,31.0,22.0,19.0,31.0,24.0,23
52,22.0,22.0,25.0,26.0,31.0,26.0,13.0,25.0,28.0,33.0,17.0,24.0,30.0,31.0,22.0,20.0,32.0,25.0,25
53,22.0,22.0,26.0,26.0,31.0,26.0,14.0,26.0,29.0,33.0,17.0,24.0,32.0,32.0,22.0,21.0,33.0,25.0,26
54,22.0,24.0,27.0,27.0,31.0,26.0,14.0,29.0,29.0,33.0,18.0,24.0,34.0,32.0,22.0,21.0,33.0,27.0,27
55,22.0,24.0,27.0,27.0,33.0,26.0,14.0,30.0,30.0,34.0,18.0,25.0,34.0,32.0,23.0,22.0,33.0,27.0,27
56,22.0,24.0,27.0,27.0,34.0,27.0,14.0,31.0,30.0,34.0,20.0,26.0,35.0,32.0,23.0,23.0,33.0,28.0,27
57,22.0,25.0,28.0,27.0,35.0,28.0,14.0,32.0,30.0,34.0,20.0,26.0,35.0,32.0,23.0,23.0,33.0,28.0,27
58,22.0,25.0,29.0,27.0,35.0,29.0,14.0,32.0,30.0,34.0,22.0,26.0,36.0,32.0,23.0,23.0,33.0,28.0,28
59,22.0,25.0,29.0,27.0,36.0,30.0,14.0,33.0,32.0,34.0,23.0,26.0,37.0,33.0,23.0,23.0,33.0,29.0,28
60,22.0,25.0,29.0,27.0,37.0,31.0,14.0,33.0,32.0,35.0,23.0,27.0,37.0,34.0,24.0,24.0,33.0,29.0,29
61,22.0,25.0,29.0,27.0,38.0,32.0,14.0,33.0,34.0,36.0,23.0,28.0,38.0,35.0,24.0,25.0,34.0,29.0,29
62,22.0,25.0,29.0,28.0,39.0,32.0,14.0,34.0,36.0,37.0,23.0,28.0,39.0,35.0,25.0,27.0,35.0,30.0,29
63,22.0,25.0,29.0,29.0,39.0,32.0,14.0,34.0,37.0,37.0,25.0,28.0,40.0,36.0,26.0,28.0,36.0,31.0,30
64,22.0,25.0,29.0,29.0,39.0,32.0,14.0,35.0,37.0,37.0,26.0,28.0,41.0,37.0,27.0,28.0,37.0,31.0,30
65,22.0,26.0,31.0,30.0,39.0,32.0,15.0,35.0,37.0,37.0,28.0,28.0,41.0,37.0,27.0,28.0,37.0,32.0,30
66,22.0,26.0,31.0,30.0,39.0,33.0,17.0,35.0,38.0,38.0,28.0,28.0,42.0,37.0,27.0,28.0,37.0,32.0,31
67,22.0,28.0,31.0,30.0,39.0,33.0,17.0,36.0,38.0,38.0,28.0,30.0,42.0,37.0,27.0,28.0,38.0,32.0,31
68,22.0,29.0,31.0,31.0,40.0,33.0,17.0,36.0,38.0,39.0,28.0,31.0,42.0,37.0,28.0,29.0,39.0,32.0,31
69,22.0,29.0,31.0,32.0,42.0,33.0,17.0,36.0,38.0,40.0,29.0,31.0,43.0,37.0,29.0,30.0,39.0,32.0,31
70,22.0,29.0,31.0,33.0,43.0,33.0,17.0,36.0,38.0,41.0,30.0,33.0,44.0,37.0,29.0,30.0,39.0,32.0,31
71,22.0,29.0,31.0,33.0,43.0,33.0,17.0,36.0,38.0,41.0,30.0,33.0,45.0,37.0,29.0,30.0,39.0,34.0,31
72,22.0,31.0,31.0,33.0,43.0,34.0,17.0,37.0,38.0,41.0,30.0,33.0,45.0,37.0,29.0,30.0,40.0,34.0,32
73,22.0,32.0,32.0,35.0,43.0,34.0,17.0,37.0,38.0,42.0,32.0,34.0,45.0,37.0,29.0,31.0,40.0,36.0,34
74,22.0,32.0,33.0,35.0,43.0,34.0,17.0,37.0,39.0,43.0,32.0,34.0,47.0,38.0,29.0,32.0,41.0,38.0,34
75,22.0,32.0,33.0,35.0,43.0,34.0,18.0,37.0,39.0,43.0,32.0,34.0,48.0,38.0,29.0,32.0,42.0,38.0,35
76,22.0,34.0,33.0,35.0,44.0,34.0,18.0,38.0,39.0,44.0,33.0,34.0,49.0,38.0,31.0,32.0,42.0,38.0,35
77,22.0,35.0,33.0,36.0,44.0,34.0,18.0,38.0,40.0,46.0,33.0,35.0,49.0,38.0,31.0,33.0,42.0,38.0,35
78,22.0,36.0,33.0,36.0,45.0,35.0,18.0,40.0,41.0,46.0,33.0,36.0,49.0,38.0,32.0,33.0,43.0,38.0,36
79,22.0,36.0,34.0,38.0,45.0,37.0,19.0,40.0,41.0,47.0,35.0,37.0,49.0,39.0,33.0,33.0,44.0,38.0,37
80,22.0,37.0,34.0,38.0,45.0,37.0,19.0,40.0,41.0,47.0,35.0,38.0,49.0,41.0,34.0,33.0,45.0,38.0,37
81,22.0,37.0,34.0,39.0,45.0,38.0,19.0,41.0,41.0,47.0,36.0,39.0,49.0,41.0,34.0,35.0,45.0,39.0,38
82,22.0,38.0,34.0,39.0,45.0,38.0,19.0,41.0,41.0,47.0,37.0,40.0,50.0,41.0,34.0,36.0,45.0,39.0,38
83,22.0,38.0,34.0,41.0,45.0,38.0,20.0,42.0,42.0,47.0,38.0,41.0,50.0,42.0,35.0,37.0,45.0,40.0,38
84,22.0,38.0,34.0,42.0,45.0,38.0,21.0,42.0,43.0,47.0,39.0,42.0,51.0,42.0,35.0,38.0,45.0,40.0,38
85,22.0,38.0,35.0,42.0,45.0,38.0,21.0,43.0,44.0,47.0,39.0,42.0,51.0,42.0,35.0,38.0,46.0,41.0,40
86,22.0,38.0,36.0,43.0,46.0,39.0,21.0,43.0,44.0,47.0,40.0,43.0,51.0,42.0,35.0,38.0,47.0,42.0,40
87,22.0,38.0,37.0,44.0,46.0,39.0,21.0,43.0,45.0,48.0,40.0,43.0,52.0,43.0,36.0,39.0,48.0,44.0,41
88,22.0,39.0,37.0,45.0,46.0,40.0,22.0,44.0,45.0,48.0,40.0,43.0,52.0,43.0,36.0,41.0,49.0,44.0,41
89,22.0,39.0,37.0,46.0,46.0,40.0,22.0,45.0,45.0,49.0,40.0,43.0,52.0,43.0,37.0,42.0,50.0,44.0,41
90,22.0,41.0,37.0,48.0,46.0,40.0,23.0,45.0,46.0,49.0,40.0,44.0,52.0,45.0,37.0,42.0,50.0,44.0,41
91,22.0,43.0,38.0,48.0,48.0,41.0,24.0,45.0,46.0,50.0,40.0,45.0,52.0,45.0,39.0,42.0,50.0,45.0,42
92,22.0,43.0,39.0,48.0,48.0,41.0,24.0,46.0,46.0,50.0,40.0,45.0,53.0,45.0,39.0,42.0,51.0,45.0,43
93,22.0,43.0,40.0,48.0,48.0,41.0,25.0,46.0,47.0,50.0,40.0,46.0,56.0,45.0,39.0,42.0,52.0,46.0,43
94,22.0,44.0,40.0,49.0,48.0,41.0,25.0,46.0,47.0,50.0,40.0,46.0,56.0,46.0,40.0,42.0,53.0,47.0,43
95,22.0,44.0,40.0,49.0,48.0,41.0,25.0,48.0,49.0,50.0,40.0,46.0,59.0,46.0,40.0,42.0,53.0,48.0,46
96,22.0,45.0,40.0,49.0,48.0,41.0,25.0,49.0,50.0,51.0,40.0,46.0,60.0,46.0,40.0,42.0,53.0,48.0,46
97,22.0,45.0,40.0,50.0,48.0,42.0,25.0,49.0,50.0,51.0,41.0,46.0,61.0,46.0,41.0,45.0,53.0,48.0,46
98,22.0,46.0,40.0,51.0,49.0,42.0,26.0,49.0,50.0,51.0,44.0,46.0,62.0,47.0,42.0,46.0,54.0,48.0,47
99,22.0,46.0,40.0,51.0,50.0,42.0,28.0,49.0,50.0,51.0,45.0,47.0,63.0,50.0,43.0,46.0,54.0,48.0,48
100,22.0,46.0,40.0,52.0,50.0,43.0,28.0,49.0,50.0,51.0,45.0,47.0,63.0,51.0,44.0,46.0,55.0,49.0,48
101,22.0,46.0,40.0,53.0,50.0,43.0,28.0,50.0,51.0,51.0,45.0,47.0,63.0,51.0,44.0,47.0,55.0,49.0,48
102,22.0,48.0,40.0,55.0,50.0,43.0,29.0,50.0,51.0,51.0,45.0,48.0,64.0,52.0,45.0,47.0,56.0,49.0,49
103,22.0,49.0,40.0,55.0,50.0,43.0,29.0,50.0,51.0,51.0,45.0,48.0,64.0,52.0,47.0,47.0,57.0,51.0,49
104,22.0,49.0,40.0,57.0,50.0,43.0,29.0,51.0,51.0,51.0,45.0,48.0,64.0,52.0,48.0,47.0,57.0,51.0,49
105,22.0,50.0,40.0,57.0,51.0,43.0,30.0,51.0,52.0,51.0,45.0,48.0,65.0,52.0,49.0,47.0,57.0,51.0,50
106,22.0,51.0,40.0,58.0,51.0,43.0,30.0,52.0,52.0,51.0,45.0,49.0,65.0,53.0,49.0,48.0,57.0,51.0,51
107,22.0,51.0,40.0,58.0,51.0,43.0,30.0,52.0,52.0,52.0,45.0,50.0,66.0,53.0,50.0,48.0,57.0,52.0,52
108,22.0,51.0,40.0,59.0,52.0,43.0,30.0,53.0,53.0,52.0,45.0,50.0,66.0,53.0,51.0,48.0,58.0,54.0,52
109,22.0,51.0,40.0,59.0,52.0,45.0,30.0,53.0,53.0,52.0,45.0,51.0,67.0,53.0,51.0,48.0,59.0,56.0,52
110,22.0,51.0,40.0,59.0,52.0,46.0,30.0,53.0,53.0,52.0,45.0,51.0,67.0,53.0,51.0,48.0,60.0,58.0,52
111,22.0,51.0,40.0,61.0,52.0,46.0,30.0,55.0,53.0,52.0,45.0,51.0,68.0,54.0,51.0,50.0,61.0,59.0,53
112,22.0,52.0,40.0,61.0,52.0,47.0,30.0,56.0,53.0,53.0,45.0,51.0,69.0,54.0,51.0,51.0,61.0,59.0,53
113,22.0,52.0,40.0,62.0,53.0,47.0,30.0,56.0,54.0,55.0,45.0,52.0,70.0,56.0,51.0,51.0,61.0,59.0,54
114,22.0,52.0,40.0,62.0,55.0,48.0,30.0,56.0,55.0,55.0,45.0,52.0,70.0,57.0,51.0,51.0,64.0,60.0,54
115,22.0,53.0,40.0,62.0,55.0,48.0,31.0,57.0,56.0,56.0,45.0,52.0,71.0,58.0,51.0,51.0,64.0,60.0,54
116,22.0,53.0,40.0,62.0,55.0,49.0,32.0,58.0,56.0,57.0,45.0,53.0,71.0,58.0,51.0,51.0,64.0,61.0,54
117,22.0,53.0,40.0,63.0,55.0,49.0,32.0,59.0,57.0,58.0,45.0,54.0,73.0,59.0,52.0,51.0,64.0,62.0,54
118,22.0,53.0,40.0,63.0,55.0,50.0,32.0,60.0,57.0,59.0,45.0,56.0,73.0,59.0,53.0,52.0,65.0,62.0,54
119,22.0,54.0,40.0,64.0,57.0,51.0,33.0,60.0,57.0,60.0,45.0,58.0,75.0,59.0,53.0,52.0,66.0,63.0,54
120,22.0,55.0,40.0,64.0,58.0,51.0,33.0,60.0,57.0,60.0,45.0,59.0,75.0,61.0,53.0,53.0,67.0,63.0,54
121,22.0,56.0,40.0,65.0,58.0,52.0,33.0,60.0,59.0,60.0,45.0,59.0,75.0,62.0,53.0,54.0,67.0,63.0,54
122,22.0,57.0,40.0,66.0,58.0,52.0,34.0,61.0,59.0,60.0,45.0,59.0,75.0,62.0,53.0,54.0,69.0,64.0,54
123,22.0,57.0,40.0,66.0,59.0,52.0,35.0,61.0,59.0,60.0,45.0,61.0,75.0,63.0,53.0,54.0,70.0,65.0,54
124,22.0,57.0,40.0,67.0,59.0,54.0,35.0,62.0,59.0,61.0,45.0,61.0,75.0,64.0,53.0,55.0,70.0,66.0,54
125,22.0,57.0,40.0,67.0,59.0,56.0,36.0,62.0,60.0,61.0,45.0,61.0,76.0,65.0,54.0,56.0,71.0,67.0,55
126,22.0,57.0,40.0,68.0,59.0,56.0,37.0,64.0,60.0,63.0,45.0,61.0,77.0,66.0,55.0,56.0,71.0,67.0,55
127,22.0,57.0,40.0,70.0,59.0,56.0,38.0,64.0,61.0,63.0,45.0,62.0,77.0,67.0,55.0,56.0,73.0,68.0,56
128,22.0,57.0,40.0,70.0,59.0,56.0,38.0,65.0,61.0,63.0,45.0,63.0,77.0,67.0,55.0,56.0,74.0,69.0,56
129,22.0,57.0,40.0,70.0,59.0,56.0,39.0,66.0,61.0,63.0,45.0,64.0,77.0,69.0,55.0,56.0,74.0,70.0,57
130,22.0,57.0,40.0,70.0,60.0,57.0,40.0,68.0,61.0,63.0,45.0,65.0,77.0,69.0,55.0,56.0,75.0,72.0,59
131,22.0,57.0,40.0,70.0,60.0,57.0,40.0,69.0,61.0,63.0,45.0,66.0,77.0,69.0,56.0,56.0,75.0,72.0,59
132,22.0,57.0,40.0,73.0,60.0,57.0,40.0,70.0,62.0,63.0,45.0,66.0,77.0,69.0,57.0,57.0,75.0,73.0,59
133,22.0,57.0,40.0,74.0,60.0,58.0,40.0,71.0,63.0,64.0,45.0,66.0,78.0,70.0,57.0,57.0,75.0,75.0,59
134,22.0,57.0,40.0,74.0,60.0,58.0,40.0,71.0,64.0,64.0,45.0,66.0,79.0,71.0,58.0,58.0,75.0,76.0,59
135,22.0,57.0,40.0,75.0,60.0,58.0,41.0,71.0,64.0,64.0,45.0,67.0,79.0,72.0,59.0,58.0,76.0,76.0,60
136,22.0,57.0,40.0,76.0,60.0,58.0,41.0,71.0,65.0,64.0,45.0,67.0,79.0,72.0,60.0,60.0,77.0,76.0,60
137,22.0,57.0,40.0,76.0,60.0,60.0,42.0,71.0,65.0,64.0,45.0,67.0,79.0,72.0,61.0,62.0,78.0,76.0,61
138,22.0,57.0,40.0,76.0,60.0,60.0,42.0,71.0,65.0,65.0,45.0,68.0,79.0,74.0,62.0,63.0,79.0,76.0,63
139,22.0,57.0,40.0,76.0,61.0,61.0,43.0,72.0,66.0,65.0,45.0,68.0,80.0,74.0,65.0,63.0,79.0,76.0,64
140,22.0,57.0,40.0,76.0,63.0,61.0,43.0,73.0,67.0,65.0,45.0,68.0,81.0,74.0,65.0,64.0,79.0,78.0,64
141,22.0,57.0,40.0,77.0,63.0,61.0,45.0,73.0,67.0,65.0,45.0,69.0,81.0,74.0,65.0,64.0,79.0,78.0,64
142,22.0,57.0,40.0,77.0,64.0,61.0,45.0,73.0,67.0,65.0,45.0,69.0,81.0,74.0,66.0,64.0,79.0,78.0,66
143,22.0,57.0,40.0,77.0,64.0,61.0,46.0,73.0,67.0,65.0,45.0,70.0,83.0,74.0,66.0,64.0,79.0,79.0,66
144,22.0,57.0,40.0,78.0,64.0,61.0,47.0,73.0,67.0,65.0,45.0,70.0,83.0,74.0,67.0,64.0,79.0,80.0,66
145,22.0,57.0,40.0,78.0,64.0,63.0,47.0,73.0,67.0,65.0,45.0,71.0,83.0,74.0,67.0,65.0,80.0,80.0,66
146,22.0,57.0,40.0,78.0,64.0,63.0,47.0,73.0,68.0,65.0,45.0,73.0,84.0,74.0,67.0,65.0,80.0,80.0,66
147,22.0,57.0,40.0,78.0,64.0,66.0,49.0,74.0,69.0,65.0,45.0,75.0,84.0,74.0,67.0,65.0,81.0,80.0,66
148,22.0,57.0,40.0,80.0,64.0,66.0,50.0,75.0,69.0,65.0,45.0,76.0,84.0,74.0,67.0,65.0,81.0,81.0,66
149,22.0,57.0,40.0,81.0,66.0,67.0,51.0,75.0,70.0,65.0,45.0,76.0,84.0,74.0,67.0,66.0,82.0,83.0,67
150,22.0,57.0,40.0,81.0,66.0,68.0,51.0,76.0,70.0,65.0,45.0,77.0,86.0,74.0,68.0,66.0,85.0,84.0,68
151,22.0,57.0,40.0,81.0,67.0,68.0,51.0,76.0,71.0,65.0,45.0,77.0,86.0,74.0,70.0,66.0,86.0,84.0,68
152,22.0,57.0,40.0,81.0,67.0,68.0,52.0,76.0,71.0,66.0,45.0,77.0,86.0,74.0,70.0,66.0,86.0,84.0,68
153,22.0,57.0,40.0,82.0,68.0,69.0,52.0,80.0,72.0,66.0,45.0,78.0,86.0,74.0,71.0,67.0,86.0,84.0,68
154,22.0,57.0,40.0,83.0,68.0,71.0,52.0,81.0,72.0,66.0,45.0,78.0,86.0,74.0,71.0,68.0,86.0,84.0,70
155,22.0,57.0,40.0,83.0,68.0,71.0,52.0,82.0,72.0,67.0,45.0,79.0,86.0,74.0,71.0,68.0,87.0,84.0,70
156,22.0,57.0,40.0,84.0,70.0,71.0,53.0,82.0,72.0,67.0,45.0,79.0,86.0,74.0,72.0,69.0,87.0,84.0,71
157,22.0,57.0,40.0,86.0,70.0,71.0,53.0,83.0,73.0,67.0,45.0,79.0,87.0,74.0,72.0,69.0,87.0,85.0,71
158,22.0,57.0,40.0,87.0,70.0,72.0,53.0,83.0,73.0,69.0,45.0,80.0,88.0,74.0,72.0,71.0,87.0,87.0,71
159,22.0,57.0,40.0,87.0,70.0,73.0,55.0,83.0,73.0,70.0,45.0,81.0,89.0,74.0,72.0,72.0,90.0,87.0,71
160,22.0,57.0,40.0,87.0,72.0,74.0,55.0,83.0,74.0,70.0,45.0,82.0,89.0,74.0,72.0,73.0,90.0,88.0,71
161,22.0,57.0,40.0,87.0,72.0,74.0,55.0,84.0,74.0,71.0,45.0,83.0,90.0,74.0,72.0,73.0,90.0,88.0,73
162,22.0,57.0,40.0,88.0,73.0,76.0,57.0,86.0,75.0,72.0,45.0,86.0,90.0,74.0,74.0,73.0,90.0,88.0,73
163,22.0,57.0,40.0,88.0,73.0,76.0,57.0,86.0,75.0,73.0,45.0,86.0,90.0,74.0,74.0,74.0,90.0,89.0,73
164,22.0,57.0,40.0,88.0,73.0,76.0,57.0,86.0,75.0,74.0,45.0,90.0,90.0,74.0,74.0,75.0,91.0,89.0,73
165,22.0,57.0,40.0,89.0,74.0,77.0,57.0,87.0,76.0,74.0,45.0,90.0,90.0,74.0,75.0,76.0,92.0,89.0,73
166,22.0,57.0,40.0,90.0,75.0,77.0,57.0,88.0,77.0,74.0,45.0,91.0,91.0,74.0,76.0,78.0,92.0,89.0,73
167,22.0,57.0,40.0,90.0,75.0,77.0,57.0,88.0,78.0,74.0,45.0,91.0,91.0,74.0,76.0,79.0,93.0,89.0,73
168,22.0,57.0,40.0,90.0,76.0,77.0,57.0,90.0,79.0,74.0,45.0,91.0,92.0,74.0,76.0,79.0,93.0,89.0,73
169,22.0,57.0,40.0,91.0,77.0,77.0,57.0,90.0,79.0,74.0,45.0,91.0,95.0,74.0,78.0,79.0,95.0,89.0,73
170,22.0,57.0,40.0,91.0,77.0,77.0,57.0,90.0,79.0,74.0,45.0,92.0,96.0,74.0,78.0,79.0,97.0,90.0,73
171,22.0,57.0,40.0,91.0,78.0,78.0,58.0,91.0,79.0,75.0,45.0,93.0,98.0,74.0,79.0,80.0,97.0,91.0,73
172,22.0,57.0,40.0,92.0,78.0,79.0,58.0,92.0,80.0,76.0,45.0,93.0,99.0,74.0,80.0,81.0,100.0,93.0,73
173,22.0,57.0,40.0,93.0,79.0,80.0,59.0,94.0,80.0,76.0,45.0,93.0,99.0,74.0,80.0,82.0,101.0,93.0,73
174,22.0,57.0,40.0,94.0,79.0,81.0,60.0,94.0,81.0,77.0,45.0,94.0,100.0,74.0,82.0,83.0,101.0,93.0,74
175,22.0,57.0,40.0,94.0,80.0,81.0,60.0,94.0,81.0,78.0,45.0,95.0,102.0,74.0,83.0,83.0,101.0,93.0,74
176,22.0,57.0,40.0,95.0,81.0,82.0,60.0,94.0,81.0,79.0,45.0,95.0,102.0,74.0,84.0,84.0,101.0,93.0,76
177,22.0,57.0,40.0,96.0,82.0,82.0,60.0,95.0,82.0,79.0,45.0,95.0,102.0,74.0,84.0,84.0,102.0,93.0,76
178,22.0,57.0,40.0,96.0,84.0,82.0,61.0,96.0,83.0,81.0,45.0,95.0,103.0,74.0,84.0,84.0,103.0,93.0,76
179,22.0,57.0,40.0,97.0,84.0,83.0,63.0,97.0,84.0,82.0,45.0,96.0,103.0,74.0,84.0,84.0,104.0,95.0,76
180,22.0,57.0,40.0,98.0,84.0,83.0,63.0,97.0,85.0,84.0,45.0,96.0,103.0,74.0,84.0,85.0,104.0,97.0,76
181,22.0,57.0,40.0,98.0,84.0,83.0,63.0,97.0,85.0,84.0,45.0,96.0,103.0,74.0,84.0,85.0,105.0,97.0,76
182,22.0,57.0,40.0,98.0,85.0,84.0,65.0,97.0,85.0,85.0,45.0,96.0,104.0,74.0,84.0,86.0,108.0,98.0,76
183,22.0,57.0,40.0,98.0,85.0,84.0,65.0,98.0,85.0,85.0,45.0,96.0,105.0,74.0,84.0,86.0,108.0,98.0,76
184,22.0,57.0,40.0,98.0,86.0,85.0,66.0,98.0,85.0,86.0,45.0,97.0,105.0,74.0,85.0,87.0,108.0,99.0,78
185,22.0,57.0,40.0,98.0,87.0,86.0,66.0,99.0,85.0,86.0,45.0,97.0,106.0,74.0,86.0,87.0,109.0,99.0,78
186,22.0,57.0,40.0,99.0,87.0,87.0,66.0,99.0,85.0,86.0,45.0,99.0,107.0,74.0,87.0,88.0,110.0,99.0,78
187,22.0,57.0,40.0,102.0,87.0,88.0,66.0,100.0,85.0,86.0,45.0,99.0,108.0,74.0,88.0,88.0,111.0,100.0,79
188,22.0,57.0,40.0,102.0,87.0,90.0,68.0,100.0,85.0,86.0,45.0,99.0,108.0,74.0,88.0,90.0,112.0,100.0,80
189,22.0,57.0,40.0,103.0,87.0,90.0,68.0,101.0,85.0,86.0,45.0,99.0,108.0,74.0,88.0,90.0,112.0,100.0,81
190,22.0,57.0,40.0,105.0,87.0,90.0,68.0,101.0,85.0,86.0,45.0,100.0,110.0,74.0,88.0,90.0,112.0,100.0,81
191,22.0,57.0,40.0,105.0,87.0,90.0,69.0,102.0,85.0,86.0,45.0,100.0,111.0,74.0,88.0,92.0,113.0,100.0,82
192,22.0,57.0,40.0,106.0,87.0,90.0,70.0,102.0,85.0,87.0,45.0,100.0,111.0,74.0,88.0,92.0,113.0,100.0,82
193,22.0,57.0,40.0,106.0,88.0,90.0,71.0,103.0,85.0,87.0,45.0,102.0,111.0,74.0,88.0,94.0,113.0,100.0,82
194,22.0,57.0,40.0,107.0,88.0,90.0,72.0,104.0,85.0,89.0,45.0,102.0,111.0,74.0,88.0,94.0,113.0,101.0,82
195,22.0,57.0,40.0,107.0,90.0,90.0,72.0,104.0,85.0,89.0,45.0,102.0,111.0,74.0,88.0,95.0,114.0,101.0,82
196,22.0,57.0,40.0,108.0,90.0,90.0,73.0,104.0,85.0,89.0,45.0,105.0,111.0,74.0,88.0,95.0,114.0,104.0,82
197,22.0,57.0,40.0,109.0,90.0,90.0,74.0,105.0,85.0,89.0,45.0,105.0,111.0,74.0,88.0,95.0,114.0,105.0,82
198,22.0,57.0,40.0,109.0,90.0,90.0,76.0,106.0,85.0,89.0,45.0,105.0,112.0,74.0,89.0,95.0,114.0,105.0,82
199,22.0,57.0,40.0,109.0,90.0,90.0,76.0,106.0,85.0,89.0,45.0,105.0,112.0,74.0,90.0,97.0,114.0,105.0,82
200,22.0,57.0,40.0,109.0,90.0,90.0,76.0,106.0,85.0,89.0,45.0,107.0,113.0,74.0,91.0,97.0,115.0,105.0,82
201,22.0,57.0,40.0,109.0,90.0,90.0,76.0,106.0,85.0,89.0,45.0,108.0,113.0,74.0,92.0,98.0,115.0,105.0,83
202,22.0,57.0,40.0,110.0,90.0,90.0,76.0,106.0,85.0,89.0,45.0,110.0,113.0,74.0,92.0,98.0,117.0,105.0,83
203,22.0,57.0,40.0,110.0,90.0,90.0,78.0,106.0,85.0,89.0,45.0,111.0,113.0,74.0,93.0,99.0,119.0,106.0,83
204,22.0,57.0,40.0,110.0,91.0,90.0,78.0,106.0,85.0,89.0,45.0,112.0,113.0,74.0,93.0,100.0,120.0,107.0,84
205,22.0,57.0,40.0,111.0,91.0,90.0,78.0,106.0,85.0,89.0,45.0,112.0,114.0,74.0,93.0,100.0,120.0,107.0,85
206,22.0,57.0,40.0,111.0,91.0,90.0,78.0,106.0,85.0,89.0,45.0,112.0,114.0,74.0,93.0,100.0,121.0,107.0,86
207,22.0,57.0,40.0,111.0,91.0,90.0,78.0,106.0,85.0,89.0,45.0,112.0,115.0,74.0,93.0,101.0,123.0,108.0,86
208,22.0,57.0,40.0,112.0,91.0,90.0,79.0,106.0,85.0,89.0,45.0,112.0,115.0,74.0,93.0,102.0,123.0,109.0,86
209,22.0,57.0,40.0,113.0,92.0,90.0,80.0,106.0,85.0,89.0,45.0,112.0,116.0,74.0,93.0,102.0,123.0,109.0,87
210,22.0,57.0,40.0,114.0,92.0,90.0,80.0,106.0,85.0,89.0,45.0,112.0,117.0,74.0,93.0,102.0,124.0,109.0,87
211,22.0,57.0,40.0,116.0,92.0,90.0,80.0,106.0,85.0,89.0,45.0,113.0,118.0,74.0,94.0,104.0,124.0,110.0,87
212,22.0,57.0,40.0,117.0,92.0,90.0,80.0,106.0,85.0,89.0,45.0,113.0,119.0,74.0,94.0,105.0,124.0,110.0,87
213,22.0,57.0,40.0,117.0,92.0,90.0,80.0,106.0,85.0,89.0,45.0,113.0,119.0,74.0,94.0,105.0,125.0,112.0,87
214,22.0,57.0,40.0,117.0,92.0,90.0,80.0,106.0,85.0,89.0,45.0,114.0,119.0,74.0,94.0,105.0,125.0,112.0,88
215,22.0,57.0,40.0,117.0,92.0,90.0,80.0,106.0,85.0,89.0,45.0,115.0,121.0,74.0,94.0,105.0,125.0,113.0,89
216,22.0,57.0,40.0,117.0,92.0,90.0,80.0,106.0,85.0,89.0,45.0,115.0,123.0,74.0,94.0,105.0,125.0,115.0,89
217,22.0,57.0,40.0,117.0,92.0,90.0,80.0,106.0,85.0,89.0,45.0,117.0,124.0,74.0,95.0,105.0,126.0,115.0,89
218,22.0,57.0,40.0,118.0,92.0,90.0,80.0,106.0,85.0,89.0,45.0,117.0,124.0,74.0,95.0,105.0,126.0,116.0,89
219,22.0,57.0,40.0,119.0,92.0,90.0,80.0,106.0,85.0,89.0,45.0,117.0,124.0,74.0,95.0,105.0,126.0,117.0,90
220,22.0,57.0,40.0,119.0,92.0,90.0,80.0,106.0,85.0,89.0,45.0,118.0,124.0,74.0,95.0,105.0,126.0,117.0,91
221,22.0,57.0,40.0,119.0,92.0,90.0,80.0,106.0,85.0,89.0,45.0,120.0,124.0,74.0,96.0,105.0,126.0,118.0,91
222,22.0,57.0,40.0,120.0,92.0,90.0,80.0,106.0,85.0,89.0,45.0,120.0,124.0,74.0,97.0,105.0,126.0,118.0,92
223,22.0,57.0,40.0,120.0,92.0,90.0,80.0,106.0,85.0,89.0,45.0,120.0,124.0,74.0,97.0,105.0,126.0,119.0,92
224,22.0,57.0,40.0,120.0,92.0,90.0,80.0,106.0,85.0,89.0,45.0,120.0,124.0,74.0,97.0,105.0,126.0,119.0,92
225,22.0,57.0,40.0,120.0,92.0,90.0,80.0,106.0,85.0,89.0,45.0,120.0,124.0,74.0,97.0,105.0,126.0,119.0,93
226,22.0,57.0,40.0,120.0,92.0,90.0,80.0,106.0,85.0,89.0,45.0,120.0,125.0,74.0,97.0,105.0,128.0,124.0,93
227,22.0,57.0,40.0,121.0,92.0,90.0,80.0,106.0,85.0,89.0,45.0,122.0,126.0,74.0,97.0,105.0,129.0,124.0,93
228,22.0,57.0,40.0,122.0,92.0,90.0,80.0,106.0,85.0,89.0,45.0,123.0,126.0,74.0,97.0,105.0,130.0,125.0,93
229,22.0,57.0,40.0,122.0,92.0,90.0,80.0,106.0,85.0,89.0,45.0,123.0,127.0,74.0,97.0,105.0,130.0,125.0,93
230,22.0,57.0,40.0,122.0,92.0,90.0,80.0,106.0,85.0,89.0,45.0,123.0,129.0,74.0,98.0,105.0,130.0,125.0,93
231,22.0,57.0,40.0,122.0,92.0,90.0,80.0,106.0,85.0,89.0,45.0,125.0,129.0,74.0,100.0,105.0,131.0,126.0,93
232,22.0,57.0,40.0,123.0,92.0,90.0,80.0,106.0,85.0,89.0,45.0,125.0,129.0,74.0,101.0,105.0,131.0,126.0,94
233,22.0,57.0,40.0,123.0,92.0,90.0,80.0,106.0,85.0,89.0,45.0,125.0,130.0,74.0,101.0,105.0,131.0,126.0,94
234,22.0,57.0,40.0,124.0,92.0,90.0,80.0,106.0,85.0,89.0,45.0,125.0,130.0,74.0,102.0,105.0,132.0,127.0,96
235,22.0,57.0,40.0,124.0,92.0,90.0,80.0,106.0,85.0,89.0,45.0,125.0,132.0,74.0,102.0,105.0,132.0,127.0,96
236,22.0,57.0,40.0,124.0,92.0,90.0,80.0,106.0,85.0,89.0,45.0,126.0,133.0,74.0,102.0,105.0,132.0,129.0,96
237,22.0,57.0,40.0,125.0,92.0,90.0,80.0,106.0,85.0,89.0,45.0,128.0,133.0,74.0,102.0,105.0,134.0,129.0,98
238,22.0,57.0,40.0,125.0,92.0,90.0,80.0,106.0,85.0,89.0,45.0,129.0,135.0,74.0,102.0,105.0,135.0,129.0,99
239,22.0,57.0,40.0,125.0,92.0,90.0,80.0,106.0,85.0,89.0,45.0,130.0,136.0,74.0,103.0,105.0,135.0,131.0,99
240,22.0,57.0,40.0,125.0,92.0,90.0,80.0,106.0,85.0,89.0,45.0,130.0,136.0,74.0,103.0,105.0,135.0,131.0,99
241,22.0,57.0,40.0,125.0,92.0,90.0,80.0,106.0,85.0,89.0,45.0,130.0,136.0,74.0,103.0,105.0,136.0,132.0,99
242,22.0,57.0,40.0,125.0,92.0,90.0,80.0,106.0,85.0,89.0,45.0,130.0,138.0,74.0,103.0,105.0,136.0,132.0,99
243,22.0,57.0,40.0,125.0,92.0,90.0,80.0,106.0,85.0,89.0,45.0,130.0,138.0,74.0,103.0,105.0,139.0,132.0,99
244,22.0,57.0,40.0,125.0,92.0,90.0,80.0,106.0,85.0,89.0,45.0,130.0,138.0,74.0,103.0,105.0,139.0,132.0,100
245,22.0,57.0,40.0,125.0,92.0,90.0,80.0,106.0,85.0,89.0,45.0,130.0,139.0,74.0,103.0,105.0,140.0,132.0,102
246,22.0,57.0,40.0,125.0,92.0,90.0,80.0,106.0,85.0,89.0,45.0,130.0,139.0,74.0,103.0,105.0,141.0,133.0,102
247,22.0,57.0,40.0,125.0,92.0,90.0,80.0,106.0,85.0,89.0,45.0,130.0,139.0,74.0,104.0,105.0,141.0,134.0,102
248,22.0,57.0,40.0,125.0,92.0,90.0,80.0,106.0,85.0,89.0,45.0,131.0,140.0,74.0,107.0,105.0,141.0,135.0,102
249,22.0,57.0,40.0,126.0,92.0,90.0,80.0,106.0,85.0,89.0,45.0,131.0,140.0,74.0,108.0,105.0,141.0,135.0,102
250,22.0,57.0,40.0,126.0,92.0,90.0,80.0,106.0,85.0,89.0,45.0,131.0,140.0,74.0,108.0,105.0,141.0,136.0,102
251,22.0,57.0,40.0,127.0,92.0,90.0,80.0,106.0,85.0,89.0,45.0,131.0,141.0,74.0,108.0,105.0,141.0,137.0,103
252,22.0,57.0,40.0,128.0,92.0,90.0,80.0,106.0,85.0,89.0,45.0,132.0,142.0,74.0,109.0,105.0,142.0,138.0,103
253,22.0,57.0,40.0,128.0,92.0,90.0,80.0,106.0,85.0,89.0,45.0,132.0,143.0,74.0,109.0,105.0,143.0,139.0,104
254,22.0,57.0,40.0,128.0,92.0,90.0,80.0,106.0,85.0,89.0,45.0,132.0,145.0,74.0,109.0,105.0,144.0,140.0,105
255,22.0,57.0,40.0,128.0,92.0,90.0,80.0,106.0,85.0,89.0,45.0,132.0,146.0,74.0,111.0,105.0,144.0,141.0,106
256,22.0,57.0,40.0,129.0,92.0,90.0,80.0,106.0,85.0,89.0,45.0,132.0,147.0,74.0,111.0,105.0,145.0,141.0,106
257,22.0,57.0,40.0,130.0,92.0,90.0,80.0,106.0,85.0,89.0,45.0,134.0,149.0,74.0,111.0,105.0,145.0,143.0,106
258,22.0,57.0,40.0,131.0,92.0,90.0,80.0,106.0,85.0,89.0,45.0,134.0,149.0,74.0,112.0,105.0,145.0,143.0,107
259,22.0,57.0,40.0,131.0,92.0,90.0,80.0,106.0,85.0,89.0,45.0,134.0,149.0,74.0,112.0,105.0,146.0,143.0,108
260,22.0,57.0,40.0,131.0,92.0,90.0,80.0,106.0,85.0,89.0,45.0,135.0,149.0,74.0,112.0,105.0,146.0,143.0,108
261,22.0,57.0,40.0,132.0,92.0,90.0,80.0,106.0,85.0,89.0,45.0,135.0,151.0,74.0,112.0,105.0,146.0,144.0,109
262,22.0,57.0,40.0,133.0,92.0,90.0,80.0,106.0,85.0,89.0,45.0,137.0,151.0,74.0,113.0,105.0,146.0,144.0,109
263,22.0,57.0,40.0,133.0,92.0,90.0,80.0,106.0,85.0,89.0,45.0,138.0,151.0,74.0,113.0,105.0,147.0,144.0,109
264,22.0,57.0,40.0,133.0,92.0,90.0,80.0,106.0,85.0,89.0,45.0,138.0,151.0,74.0,114.0,105.0,147.0,145.0,109
265,22.0,57.0,40.0,134.0,92.0,90.0,80.0,106.0,85.0,89.0,45.0,139.0,152.0,74.0,115.0,105.0,148.0,145.0,109
266,22.0,57.0,40.0,136.0,92.0,90.0,80.0,106.0,85.0,89.0,45.0,139.0,152.0,74.0,115.0,105.0,148.0,146.0,109
267,22.0,57.0,40.0,137.0,92.0,90.0,80.0,106.0,85.0,89.0,45.0,140.0,152.0,74.0,115.0,105.0,148.0,146.0,110
268,22.0,57.0,40.0,137.0,92.0,90.0,80.0,106.0,85.0,89.0,45.0,143.0,153.0,74.0,115.0,105.0,150.0,146.0,110
269,22.0,57.0,40.0,137.0,92.0,90.0,80.0,106.0,85.0,89.0,45.0,143.0,153.0,74.0,116.0,105.0,150.0,146.0,110
270,22.0,57.0,40.0,137.0,92.0,90.0,80.0,106.0,85.0,89.0,45.0,143.0,153.0,74.0,116.0,105.0,152.0,149.0,110
271,22.0,57.0,40.0,139.0,92.0,90.0,80.0,106.0,85.0,89.0,45.0,143.0,154.0,74.0,116.0,105.0,152.0,149.0,110
272,22.0,57.0,40.0,139.0,92.0,90.0,80.0,106.0,85.0,89.0,45.0,143.0,154.0,74.0,118.0,105.0,154.0,150.0,111
273,22.0,57.0,40.0,139.0,92.0,90.0,80.0,106.0,85.0,89.0,45.0,143.0,154.0,74.0,118.0,105.0,154.0,151.0,111
274,22.0,57.0,40.0,139.0,92.0,90.0,80.0,106.0,85.0,89.0,45.0,143.0,155.0,74.0,120.0,105.0,154.0,153.0,111
275,22.0,57.0,40.0,139.0,92.0,90.0,80.0,106.0,85.0,89.0,45.0,143.0,155.0,74.0,120.0,105.0,154.0,153.0,112
276,22.0,57.0,40.0,139.0,92.0,90.0,80.0,106.0,85.0,89.0,45.0,143.0,155.0,74.0,120.0,105.0,154.0,154.0,112
277,22.0,57.0,40.0,141.0,92.0,90.0,80.0,106.0,85.0,89.0,45.0,143.0,156.0,74.0,121.0,105.0,154.0,155.0,112
278,22.0,57.0,40.0,142.0,92.0,90.0,80.0,106.0,85.0,89.0,45.0,144.0,156.0,74.0,122.0,105.0,154.0,155.0,113
279,22.0,57.0,40.0,142.0,92.0,90.0,80.0,106.0,85.0,89.0,45.0,144.0,157.0,74.0,122.0,105.0,154.0,155.0,113
280,22.0,57.0,40.0,142.0,92.0,90.0,80.0,106.0,85.0,89.0,45.0,144.0,158.0,74.0,122.0,105.0,155.0,158.0,113
281,22.0,57.0,40.0,143.0,92.0,90.0,80.0,106.0,85.0,89.0,45.0,145.0,158.0,74.0,122.0,105.0,156.0,159.0,113
282,22.0,57.0,40.0,144.0,92.0,90.0,80.0,106.0,85.0,89.0,45.0,145.0,160.0,74.0,122.0,105.0,156.0,159.0,114
283,22.0,57.0,40.0,144.0,92.0,90.0,80.0,106.0,85.0,89.0,45.0,146.0,162.0,74.0,123.0,105.0,157.0,160.0,114
284,22.0,57.0,40.0,144.0,92.0,90.0,80.0,106.0,85.0,89.0,45.0,148.0,162.0,74.0,123.0,105.0,158.0,160.0,115
285,22.0,57.0,40.0,144.0,92.0,90.0,80.0,106.0,85.0,89.0,45.0,148.0,162.0,74.0,124.0,105.0,159.0,161.0,115
286,22.0,57.0,40.0,144.0,92.0,90.0,80.0,106.0,85.0,89.0,45.0,148.0,162.0,74.0,124.0,105.0,160.0,162.0,116
287,22.0,57.0,40.0,144.0,92.0,90.0,80.0,106.0,85.0,89.0,45.0,149.0,163.0,74.0,124.0,105.0,160.0,162.0,117
288,22.0,57.0,40.0,145.0,92.0,90.0,80.0,106.0,85.0,89.0,45.0,150.0,163.0,74.0,125.0,105.0,160.0,163.0,117
289,22.0,57.0,40.0,146.0,92.0,90.0,80.0,106.0,85.0,89.0,45.0,151.0,164.0,74.0,125.0,105.0,163.0,163.0,117
290,22.0,57.0,40.0,146.0,92.0,90.0,80.0,106.0,85.0,89.0,45.0,152.0,166.0,74.0,127.0,105.0,164.0,163.0,117
291,22.0,57.0,40.0,147.0,92.0,90.0,80.0,106.0,85.0,89.0,45.0,152.0,166.0,74.0,127.0,105.0,164.0,165.0,118
292,22.0,57.0,40.0,147.0,92.0,90.0,80.0,106.0,85.0,89.0,45.0,152.0,167.0,74.0,127.0,105.0,165.0,165.0,118
293,22.0,57.0,40.0,148.0,92.0,90.0,80.0,106.0,85.0,89.0,45.0,152.0,167.0,74.0,127.0,105.0,165.0,165.0,118
294,22.0,57.0,40.0,148.0,92.0,90.0,80.0,106.0,85.0,89.0,45.0,153.0,167.0,74.0,128.0,105.0,167.0,165.0,119
295,22.0,57.0,40.0,148.0,92.0,90.0,80.0,106.0,85.0,89.0,45.0,153.0,168.0,74.0,128.0,105.0,167.0,165.0,119
296,22.0,57.0,40.0,148.0,92.0,90.0,80.0,106.0,85.0,89.0,45.0,153.0,168.0,74.0,129.0,105.0,167.0,166.0,120
297,22.0,57.0,40.0,148.0,92.0,90.0,80.0,106.0,85.0,89.0,45.0,153.0,170.0,74.0,129.0,105.0,168.0,167.0,120
298,22.0,57.0,40.0,148.0,92.0,90.0,80.0,106.0,85.0,89.0,45.0,154.0,170.0,74.0,129.0,105.0,168.0,167.0,120
299,22.0,57.0,40.0,148.0,92.0,90.0,80.0,106.0,85.0,89.0,45.0,154.0,170.0,74.0,129.0,105.0,168.0,168.0,121
300,22.0,57.0,40.0,149.0,92.0,90.0,80.0,106.0,85.0,89.0,45.0,155.0,170.0,74.0,129.0,105.0,170.0,168.0,121
301,22.0,57.0,40.0,149.0,92.0,90.0,80.0,106.0,85.0,89.0,45.0,155.0,170.0,74.0,129.0,105.0,170.0,168.0,121
302,22.0,57.0,40.0,149.0,92.0,90.0,80.0,106.0,85.0,89.0,45.0,155.0,170.0,74.0,129.0,105.0,170.0,168.0,121
303,22.0,57.0,40.0,149.0,92.0,90.0,80.0,106.0,85.0,89.0,45.0,156.0,170.0,74.0,130.0,105.0,170.0,169.0,121
304,22.0,57.0,40.0,150.0,92.0,90.0,80.0,106.0,85.0,89.0,45.0,156.0,170.0,74.0,130.0,105.0,170.0,169.0,121
305,22.0,57.0,40.0,150.0,92.0,90.0,80.0,106.0,85.0,89.0,45.0,156.0,170.0,74.0,131.0,105.0,170.0,171.0,121
306,22.0,57.0,40.0,151.0,92.0,90.0,80.0,106.0,85.0,89.0,45.0,156.0,170.0,74.0,132.0,105.0,171.0,172.0,122
307,22.0,57.0,40.0,151.0,92.0,90.0,80.0,106.0,85.0,89.0,45.0,156.0,170.0,74.0,132.0,105.0,171.0,173.0,122
308,22.0,57.0,40.0,152.0,92.0,90.0,80.0,106.0,85.0,89.0,45.0,156.0,170.0,74.0,132.0,105.0,171.0,174.0,123
309,22.0,57.0,40.0,153.0,92.0,90.0,80.0,106.0,85.0,89.0,45.0,156.0,170.0,74.0,132.0,105.0,172.0,175.0,123
310,22.0,57.0,40.0,154.0,92.0,90.0,80.0,106.0,85.0,89.0,45.0,156.0,170.0,74.0,132.0,105.0,172.0,175.0,123
311,22.0,57.0,40.0,154.0,92.0,90.0,80.0,106.0,85.0,89.0,45.0,157.0,170.0,74.0,133.0,105.0,172.0,176.0,123
312,22.0,57.0,40.0,155.0,92.0,90.0,80.0,106.0,85.0,89.0,45.0,157.0,170.0,74.0,134.0,105.0,173.0,177.0,123
313,22.0,57.0,40.0,155.0,92.0,90.0,80.0,106.0,85.0,89.0,45.0,157.0,170.0,74.0,134.0,105.0,173.0,178.0,124
314,22.0,57.0,40.0,156.0,92.0,90.0,80.0,106.0,85.0,89.0,45.0,158.0,170.0,74.0,134.0,105.0,173.0,178.0,124
315,22.0,57.0,40.0,156.0,92.0,90.0,80.0,106.0,85.0,89.0,45.0,158.0,170.0,74.0,134.0,105.0,173.0,179.0,126
316,22.0,57.0,40.0,156.0,92.0,90.0,80.0,106.0,85.0,89.0,45.0,158.0,170.0,74.0,134.0,105.0,175.0,180.0,127
317,22.0,57.0,40.0,156.0,92.0,90.0,80.0,106.0,85.0,89.0,45.0,159.0,170.0,74.0,135.0,105.0,175.0,181.0,127
318,22.0,57.0,40.0,157.0,92.0,90.0,80.0,106.0,85.0,89.0,45.0,161.0,170.0,74.0,135.0,105.0,175.0,181.0,127
319,22.0,57.0,40.0,157.0,92.0,90.0,80.0,106.0,85.0,89.0,45.0,162.0,170.0,74.0,135.0,105.0,176.0,182.0,128
320,22.0,57.0,40.0,157.0,92.0,90.0,80.0,106.0,85.0,89.0,45.0,162.0,170.0,74.0,136.0,105.0,178.0,183.0,128
321,22.0,57.0,40.0,157.0,92.0,90.0,80.0,106.0,85.0,89.0,45.0,162.0,170.0,74.0,137.0,105.0,179.0,184.0,129
322,22.0,57.0,40.0,158.0,92.0,90.0,80.0,106.0,85.0,89.0,45.0,163.0,170.0,74.0,137.0,105.0,179.0,185.0,129
323,22.0,57.0,40.0,160.0,92.0,90.0,80.0,106.0,85.0,89.0,45.0,164.0,170.0,74.0,138.0,105.0,180.0,187.0,130
324,22.0,57.0,40.0,160.0,92.0,90.0,80.0,106.0,85.0,89.0,45.0,165.0,170.0,74.0,138.0,105.0,180.0,187.0,130
325,22.0,57.0,40.0,160.0,92.0,90.0,80.0,106.0,85.0,89.0,45.0,165.0,170.0,74.0,138.0,105.0,180.0,187.0,130
326,22.0,57.0,40.0,161.0,92.0,90.0,80.0,106.0,85.0,89.0,45.0,165.0,170.0,74.0,140.0,105.0,182.0,187.0,130
327,22.0,57.0,40.0,161.0,92.0,90.0,80.0,106.0,85.0,89.0,45.0,165.0,170.0,74.0,142.0,105.0,182.0,187.0,130
328,22.0,57.0,40.0,161.0,92.0,90.0,80.0,106.0,85.0,89.0,45.0,166.0,170.0,74.0,143.0,105.0,183.0,187.0,130
329,22.0,57.0,40.0,161.0,92.0,90.0,80.0,106.0,85.0,89.0,45.0,167.0,170.0,74.0,143.0,105.0,183.0,187.0,130
330,22.0,57.0,40.0,162.0,92.0,90.0,80.0,106.0,85.0,89.0,45.0,168.0,170.0,74.0,143.0,105.0,183.0,187.0,130
331,22.0,57.0,40.0,163.0,92.0,90.0,80.0,106.0,85.0,89.0,45.0,169.0,170.0,74.0,144.0,105.0,183.0,187.0,130
332,22.0,57.0,40.0,163.0,92.0,90.0,80.0,106.0,85.0,89.0,45.0,169.0,170.0,74.0,144.0,105.0,183.0,187.0,130
333,22.0,57.0,40.0,163.0,92.0,90.0,80.0,106.0,85.0,89.0,45.0,169.0,170.0,74.0,145.0,105.0,183.0,187.0,130
334,22.0,57.0,40.0,163.0,92.0,90.0,80.0,106.0,85.0,89.0,45.0,169.0,170.0,74.0,145.0,105.0,183.0,187.0,130
335,22.0,57.0,40.0,163.0,92.0,90.0,80.0,106.0,85.0,89.0,45.0,169.0,170.0,74.0,145.0,105.0,183.0,187.0,131
336,22.0,57.0,40.0,164.0,92.0,90.0,80.0,106.0,85.0,89.0,45.0,169.0,170.0,74.0,145.0,105.0,183.0,187.0,131
337,22.0,57.0,40.0,165.0,92.0,90.0,80.0,106.0,85.0,89.0,45.0,169.0,170.0,74.0,145.0,105.0,183.0,187.0,131
338,22.0,57.0,40.0,166.0,92.0,90.0,80.0,106.0,85.0,89.0,45.0,172.0,170.0,74.0,146.0,105.0,183.0,187.0,131
339,22.0,57.0,40.0,167.0,92.0,90.0,80.0,106.0,85.0,89.0,45.0,172.0,170.0,74.0,146.0,105.0,183.0,187.0,131
340,22.0,57.0,40.0,167.0,92.0,90.0,80.0,106.0,85.0,89.0,45.0,173.0,170.0,74.0,146.0,105.0,183.0,187.0,131
341,22.0,57.0,40.0,167.0,92.0,90.0,80.0,106.0,85.0,89.0,45.0,173.0,170.0,74.0,147.0,105.0,183.0,187.0,132
342,22.0,57.0,40.0,167.0,92.0,90.0,80.0,106.0,85.0,89.0,45.0,173.0,170.0,74.0,148.0,105.0,183.0,187.0,132
343,22.0,57.0,40.0,167.0,92.0,90.0,80.0,106.0,85.0,89.0,45.0,173.0,170.0,74.0,148.0,105.0,183.0,187.0,134
344,22.0,57.0,40.0,168.0,92.0,90.0,80.0,106.0,85.0,89.0,45.0,173.0,170.0,74.0,149.0,105.0,183.0,187.0,134
345,22.0,57.0,40.0,168.0,92.0,90.0,80.0,106.0,85.0,89.0,45.0,173.0,170.0,74.0,149.0,105.0,183.0,187.0,134
346,22.0,57.0,40.0,169.0,92.0,90.0,80.0,106.0,85.0,89.0,45.0,173.0,170.0,74.0,149.0,105.0,183.0,187.0,134
347,22.0,57.0,40.0,169.0,92.0,90.0,80.0,106.0,85.0,89.0,45.0,173.0,170.0,74.0,149.0,105.0,183.0,187.0,134
348,22.0,57.0,40.0,169.0,92.0,90.0,80.0,106.0,85.0,89.0,45.0,173.0,170.0,74.0,149.0,105.0,183.0,187.0,136
349,22.0,57.0,40.0,170.0,92.0,90.0,80.0,106.0,85.0,89.0,45.0,173.0,170.0,74.0,150.0,105.0,183.0,187.0,136
350,22.0,57.0,40.0,170.0,92.0,90.0,80.0,106.0,85.0,89.0,45.0,173.0,170.0,74.0,150.0,105.0,183.0,187.0,136
351,22.0,57.0,40.0,172.0,92.0,90.0,80.0,106.0,85.0,89.0,45.0,173.0,170.0,74.0,150.0,105.0,183.0,187.0,137
352,22.0,57.0,40.0,172.0,92.0,90.0,80.0,106.0,85.0,89.0,45.0,173.0,170.0,74.0,150.0,105.0,183.0,187.0,137
353,22.0,57.0,40.0,172.0,92.0,90.0,80.0,106.0,85.0,89.0,45.0,173.0,170.0,74.0,150.0,105.0,183.0,187.0,138
354,22.0,57.0,40.0,172.0,92.0,90.0,80.0,106.0,85.0,89.0,45.0,173.0,170.0,74.0,150.0,105.0,183.0,187.0,138
355,22.0,57.0,40.0,173.0,92.0,90.0,80.0,106.0,85.0,89.0,45.0,173.0,170.0,74.0,150.0,105.0,183.0,187.0,139
356,22.0,57.0,40.0,173.0,92.0,90.0,80.0,106.0,85.0,89.0,45.0,173.0,170.0,74.0,150.0,105.0,183.0,187.0,140
357,22.0,57.0,40.0,174.0,92.0,90.0,80.0,106.0,85.0,89.0,45.0,173.0,170.0,74.0,150.0,105.0,183.0,187.0,140
358,22.0,57.0,40.0,174.0,92.0,90.0,80.0,106.0,85.0,89.0,45.0,173.0,170.0,74.0,150.0,105.0,183.0,187.0,141
359,22.0,57.0,40.0,174.0,92.0,90.0,80.0,106.0,85.0,89.0,45.0,173.0,170.0,74.0,150.0,105.0,183.0,187.0,141
360,22.0,57.0,40.0,174.0,92.0,90.0,80.0,106.0,85.0,89.0,45.0,173.0,170.0,74.0,150.0,105.0,183.0,187.0,141
361,22.0,57.0,40.0,174.0,92.0,90.0,80.0,106.0,85.0,89.0,45.0,173.0,170.0,74.0,150.0,105.0,183.0,187.0,141
362,22.0,57.0,40.0,174.0,92.0,90.0,80.0,106.0,85.0,89.0,45.0,173.0,170.0,74.0,150.0,105.0,183.0,187.0,141
363,22.0,57.0,40.0,175.0,92.0,90.0,80.0,106.0,85.0,89.0,45.0,173.0,170.0,74.0,150.0,105.0,183.0,187.0,143
364,22.0,57.0,40.0,177.0,92.0,90.0,80.0,106.0,85.0,89.0,45.0,173.0,170.0,74.0,150.0,105.0,183.0,187.0,143
365,22.0,57.0,40.0,177.0,92.0,90.0,80.0,106.0,85.0,89.0,45.0,173.0,170.0,74.0,150.0,105.0,183.0,187.0,144
366,22.0,57.0,40.0,179.0,92.0,90.0,80.0,106.0,85.0,89.0,45.0,173.0,170.0,74.0,150.0,105.0,183.0,187.0,144
367,22.0,57.0,40.0,179.0,92.0,90.0,80.0,106.0,85.0,89.0,45.0,173.0,170.0,74.0,150.0,105.0,183.0,187.0,144
368,22.0,57.0,40.0,179.0,92.0,90.0,80.0,106.0,85.0,89.0,45.0,173.0,170.0,74.0,150.0,105.0,183.0,187.0,145
369,22.0,57.0,40.0,179.0,92.0,90.0,80.0,106.0,85.0,89.0,45.0,173.0,170.0,74.0,150.0,105.0,183.0,187.0,145
370,22.0,57.0,40.0,179.0,92.0,90.0,80.0,106.0,85.0,89.0,45.0,173.0,170.0,74.0,150.0,105.0,183.0,187.0,146
371,22.0,57.0,40.0,179.0,92.0,90.0,80.0,106.0,85.0,89.0,45.0,173.0,170.0,74.0,150.0,105.0,183.0,187.0,146
372,22.0,57.0,40.0,179.0,92.0,90.0,80.0,106.0,85.0,89.0,45.0,173.0,170.0,74.0,150.0,105.0,183.0,187.0,147
373,22.0,57.0,40.0,179.0,92.0,90.0,80.0,106.0,85.0,89.0,45.0,173.0,170.0,74.0,150.0,105.0,183.0,187.0,147
374,22.0,57.0,40.0,179.0,92.0,90.0,80.0,106.0,85.0,89.0,45.0,173.0,170.0,74.0,150.0,105.0,183.0,187.0,147
375,22.0,57.0,40.0,179.0,92.0,90.0,80.0,106.0,85.0,89.0,45.0,173.0,170.0,74.0,150.0,105.0,183.0,187.0,147
376,22.0,57.0,40.0,179.0,92.0,90.0,80.0,106.0,85.0,89.0,45.0,173.0,170.0,74.0,150.0,105.0,183.0,187.0,148
377,22.0,57.0,40.0,179.0,92.0,90.0,80.0,106.0,85.0,89.0,45.0,173.0,170.0,74.0,150.0,105.0,183.0,187.0,148
378,22.0,57.0,40.0,179.0,92.0,90.0,80.0,106.0,85.0,89.0,45.0,173.0,170.0,74.0,150.0,105.0,183.0,187.0,148
379,22.0,57.0,40.0,179.0,92.0,90.0,80.0,106.0,85.0,89.0,45.0,173.0,170.0,74.0,150.0,105.0,183.0,187.0,148
380,22.0,57.0,40.0,179.0,92.0,90.0,80.0,106.0,85.0,89.0,45.0,173.0,170.0,74.0,150.0,105.0,183.0,187.0,148
381,22.0,57.0,40.0,179.0,92.0,90.0,80.0,106.0,85.0,89.0,45.0,173.0,170.0,74.0,150.0,105.0,183.0,187.0,148
382,22.0,57.0,40.0,179.0,92.0,90.0,80.0,106.0,85.0,89.0,45.0,173.0,170.0,74.0,150.0,105.0,183.0,187.0,148
383,22.0,57.0,40.0,179.0,92.0,90.0,80.0,106.0,85.0,89.0,45.0,173.0,170.0,74.0,150.0,105.0,183.0,187.0,149
384,22.0,57.0,40.0,179.0,92.0,90.0,80.0,106.0,85.0,89.0,45.0,173.0,170.0,74.0,150.0,105.0,183.0,187.0,149
385,22.0,57.0,40.0,179.0,92.0,90.0,80.0,106.0,85.0,89.0,45.0,173.0,170.0,74.0,150.0,105.0,183.0,187.0,149
386,22.0,57.0,40.0,179.0,92.0,90.0,80.0,106.0,85.0,89.0,45.0,173.0,170.0,74.0,150.0,105.0,183.0,187.0,149
387,22.0,57.0,40.0,179.0,92.0,90.0,80.0,106.0,85.0,89.0,45.0,173.0,170.0,74.0,150.0,105.0,183.0,187.0,151
388,22.0,57.0,40.0,179.0,92.0,90.0,80.0,106.0,85.0,89.0,45.0,173.0,170.0,74.0,150.0,105.0,183.0,187.0,152
389,22.0,57.0,40.0,179.0,92.0,90.0,80.0,106.0,85.0,89.0,45.0,173.0,170.0,74.0,150.0,105.0,183.0,187.0,154
390,22.0,57.0,40.0,179.0,92.0,90.0,80.0,106.0,85.0,89.0,45.0,173.0,170.0,74.0,150.0,105.0,183.0,187.0,154
391,22.0,57.0,40.0,179.0,92.0,90.0,80.0,106.0,85.0,89.0,45.0,173.0,170.0,74.0,150.0,105.0,183.0,187.0,154
392,22.0,57.0,40.0,179.0,92.0,90.0,80.0,106.0,85.0,89.0,45.0,173.0,170.0,74.0,150.0,105.0,183.0,187.0,155
393,22.0,57.0,40.0,179.0,92.0,90.0,80.0,106.0,85.0,89.0,45.0,173.0,170.0,74.0,150.0,105.0,183.0,187.0,156
394,22.0,57.0,40.0,179.0,92.0,90.0,80.0,106.0,85.0,89.0,45.0,173.0,170.0,74.0,150.0,105.0,183.0,187.0,158
395,22.0,57.0,40.0,179.0,92.0,90.0,80.0,106.0,85.0,89.0,45.0,173.0,170.0,74.0,150.0,105.0,183.0,187.0,158
396,22.0,57.0,40.0,179.0,92.0,90.0,80.0,106.0,85.0,89.0,45.0,173.0,170.0,74.0,150.0,105.0,183.0,187.0,158
397,22.0,57.0,40.0,179.0,92.0,90.0,80.0,106.0,85.0,89.0,45.0,173.0,170.0,74.0,150.0,105.0,183.0,187.0,158
398,22.0,57.0,40.0,179.0,92.0,90.0,80.0,106.0,85.0,89.0,45.0,173.0,170.0,74.0,150.0,105.0,183.0,187.0,159
399,22.0,57.0,40.0,179.0,92.0,90.0,80.0,106.0,85.0,89.0,45.0,173.0,170.0,74.0,150.0,105.0,183.0,187.0,159
400,22.0,57.0,40.0,179.0,92.0,90.0,80.0,106.0,85.0,89.0,45.0,173.0,170.0,74.0,150.0,105.0,183.0,187.0,159
401,22.0,57.0,40.0,179.0,92.0,90.0,80.0,106.0,85.0,89.0,45.0,173.0,170.0,74.0,150.0,105.0,183.0,187.0,159
402,22.0,57.0,40.0,179.0,92.0,90.0,80.0,106.0,85.0,89.0,45.0,173.0,170.0,74.0,150.0,105.0,183.0,187.0,159
403,22.0,57.0,40.0,179.0,92.0,90.0,80.0,106.0,85.0,89.0,45.0,173.0,170.0,74.0,150.0,105.0,183.0,187.0,160
404,22.0,57.0,40.0,179.0,92.0,90.0,80.0,106.0,85.0,89.0,45.0,173.0,170.0,74.0,150.0,105.0,183.0,187.0,160
405,22.0,57.0,40.0,179.0,92.0,90.0,80.0,106.0,85.0,89.0,45.0,173.0,170.0,74.0,150.0,105.0,183.0,187.0,160
406,22.0,57.0,40.0,179.0,92.0,90.0,80.0,106.0,85.0,89.0,45.0,173.0,170.0,74.0,150.0,105.0,183.0,187.0,160
407,22.0,57.0,40.0,179.0,92.0,90.0,80.0,106.0,85.0,89.0,45.0,173.0,170.0,74.0,150.0,105.0,183.0,187.0,160
408,22.0,57.0,40.0,179.0,92.0,90.0,80.0,106.0,85.0,89.0,45.0,173.0,170.0,74.0,150.0,105.0,183.0,187.0,160
409,22.0,57.0,40.0,179.0,92.0,90.0,80.0,106.0,85.0,89.0,45.0,173.0,170.0,74.0,150.0,105.0,183.0,187.0,160
410,22.0,57.0,40.0,179.0,92.0,90.0,80.0,106.0,85.0,89.0,45.0,173.0,170.0,74.0,150.0,105.0,183.0,187.0,160
411,22.0,57.0,40.0,179.0,92.0,90.0,80.0,106.0,85.0,89.0,45.0,173.0,170.0,74.0,150.0,105.0,183.0,187.0,160
412,22.0,57.0,40.0,179.0,92.0,90.0,80.0,106.0,85.0,89.0,45.0,173.0,170.0,74.0,150.0,105.0,183.0,187.0,160
413,22.0,57.0,40.0,179.0,92.0,90.0,80.0,106.0,85.0,89.0,45.0,173.0,170.0,74.0,150.0,105.0,183.0,187.0,160
414,22.0,57.0,40.0,179.0,92.0,90.0,80.0,106.0,85.0,89.0,45.0,173.0,170.0,74.0,150.0,105.0,183.0,187.0,160
415,22.0,57.0,40.0,179.0,92.0,90.0,80.0,106.0,85.0,89.0,45.0,173.0,170.0,74.0,150.0,105.0,183.0,187.0,161
416,22.0,57.0,40.0,179.0,92.0,90.0,80.0,106.0,85.0,89.0,45.0,173.0,170.0,74.0,150.0,105.0,183.0,187.0,161
417,22.0,57.0,40.0,179.0,92.0,90.0,80.0,106.0,85.0,89.0,45.0,173.0,170.0,74.0,150.0,105.0,183.0,187.0,161
418,22.0,57.0,40.0,179.0,92.0,90.0,80.0,106.0,85.0,89.0,45.0,173.0,170.0,74.0,150.0,105.0,183.0,187.0,162
419,22.0,57.0,40.0,179.0,92.0,90.0,80.0,106.0,85.0,89.0,45.0,173.0,170.0,74.0,150.0,105.0,183.0,187.0,162
420,22.0,57.0,40.0,179.0,92.0,90.0,80.0,106.0,85.0,89.0,45.0,173.0,170.0,74.0,150.0,105.0,183.0,187.0,163
421,22.0,57.0,40.0,179.0,92.0,90.0,80.0,106.0,85.0,89.0,45.0,173.0,170.0,74.0,150.0,105.0,183.0,187.0,164
422,22.0,57.0,40.0,179.0,92.0,90.0,80.0,106.0,85.0,89.0,45.0,173.0,170.0,74.0,150.0,105.0,183.0,187.0,164
423,22.0,57.0,40.0,179.0,92.0,90.0,80.0,106.0,85.0,89.0,45.0,173.0,170.0,74.0,150.0,105.0,183.0,187.0,165
424,22.0,57.0,40.0,179.0,92.0,90.0,80.0,106.0,85.0,89.0,45.0,173.0,170.0,74.0,150.0,105.0,183.0,187.0,165
425,22.0,57.0,40.0,179.0,92.0,90.0,80.0,106.0,85.0,89.0,45.0,173.0,170.0,74.0,150.0,105.0,183.0,187.0,165
426,22.0,57.0,40.0,179.0,92.0,90.0,80.0,106.0,85.0,89.0,45.0,173.0,170.0,74.0,150.0,105.0,183.0,187.0,165
427,22.0,57.0,40.0,179.0,92.0,90.0,80.0,106.0,85.0,89.0,45.0,173.0,170.0,74.0,150.0,105.0,183.0,187.0,166
428,22.0,57.0,40.0,179.0,92.0,90.0,80.0,106.0,85.0,89.0,45.0,173.0,170.0,74.0,150.0,105.0,183.0,187.0,167
429,22.0,57.0,40.0,179.0,92.0,90.0,80.0,106.0,85.0,89.0,45.0,173.0,170.0,74.0,150.0,105.0,183.0,187.0,167
430,22.0,57.0,40.0,179.0,92.0,90.0,80.0,106.0,85.0,89.0,45.0,173.0,170.0,74.0,150.0,105.0,183.0,187.0,169
431,22.0,57.0,40.0,179.0,92.0,90.0,80.0,106.0,85.0,89.0,45.0,173.0,170.0,74.0,150.0,105.0,183.0,187.0,169
432,22.0,57.0,40.0,179.0,92.0,90.0,80.0,106.0,85.0,89.0,45.0,173.0,170.0,74.0,150.0,105.0,183.0,187.0,169
433,22.0,57.0,40.0,179.0,92.0,90.0,80.0,106.0,85.0,89.0,45.0,173.0,170.0,74.0,150.0,105.0,183.0,187.0,171
