,SE Marsh,G Gambhir,ST Jayasuriya,SR Watson,GC Smith,AC Gilchrist,SK Raina,RG Sharma,ML Hayden,SR Tendulkar,JH Kallis,CH Gayle,DA Warner,RV Uthappa,S Dhawan,V Kohli
0,16.0,16.0,16.0,6.0,15.0,19.0,6.0,8.0,13.0,11.0,7.0,14.0,8.0,10.0,13.0,8
1,25.0,33.0,29.0,22.0,19.0,35.0,18.0,10.0,20.0,25.0,19.0,43.0,14.0,26.0,24.0,20
2,45.0,49.0,45.0,31.0,37.0,42.0,24.0,21.0,33.0,34.0,28.0,57.0,22.0,39.0,39.0,33
3,65.0,61.0,76.0,35.0,54.0,52.0,45.0,50.0,39.0,54.0,39.0,60.0,37.0,50.0,61.0,41
4,80.0,77.0,88.0,44.0,71.0,81.0,55.0,61.0,53.0,70.0,51.0,79.0,42.0,65.0,70.0,54
5,89.0,85.0,101.0,71.0,97.0,93.0,67.0,78.0,59.0,84.0,69.0,82.0,53.0,76.0,84.0,58
6,105.0,94.0,114.0,83.0,109.0,98.0,84.0,84.0,77.0,94.0,88.0,96.0,56.0,85.0,86.0,77
7,114.0,105.0,147.0,89.0,113.0,108.0,102.0,99.0,90.0,104.0,97.0,108.0,68.0,106.0,95.0,87
8,139.0,116.0,166.0,108.0,130.0,121.0,121.0,110.0,101.0,112.0,103.0,122.0,78.0,130.0,106.0,95
9,151.0,127.0,198.0,133.0,143.0,134.0,131.0,116.0,116.0,123.0,108.0,134.0,92.0,146.0,120.0,116
10,165.0,142.0,213.0,144.0,154.0,153.0,137.0,127.0,124.0,139.0,121.0,141.0,117.0,154.0,130.0,127
11,170.0,148.0,237.0,149.0,165.0,178.0,144.0,139.0,137.0,161.0,138.0,142.0,126.0,164.0,150.0,140
12,192.0,156.0,245.0,160.0,175.0,187.0,153.0,161.0,155.0,170.0,144.0,150.0,141.0,170.0,163.0,152
13,206.0,167.0,249.0,181.0,189.0,210.0,159.0,173.0,166.0,188.0,161.0,163.0,146.0,179.0,182.0,162
14,216.0,171.0,271.0,191.0,201.0,216.0,170.0,178.0,185.0,189.0,168.0,180.0,150.0,198.0,191.0,174
15,234.0,183.0,295.0,201.0,207.0,221.0,188.0,202.0,198.0,202.0,183.0,207.0,169.0,201.0,206.0,183
16,251.0,200.0,304.0,201.0,229.0,239.0,192.0,217.0,213.0,211.0,192.0,214.0,180.0,220.0,214.0,193
17,266.0,213.0,310.0,209.0,245.0,247.0,202.0,230.0,226.0,234.0,203.0,242.0,196.0,231.0,221.0,195
18,277.0,228.0,324.0,229.0,256.0,252.0,212.0,243.0,246.0,240.0,213.0,254.0,207.0,242.0,229.0,206
19,287.0,240.0,351.0,242.0,275.0,265.0,225.0,250.0,260.0,258.0,220.0,268.0,224.0,244.0,242.0,217
20,302.0,255.0,358.0,262.0,279.0,276.0,235.0,266.0,276.0,273.0,226.0,282.0,232.0,248.0,255.0,229
21,312.0,260.0,373.0,285.0,292.0,283.0,246.0,276.0,297.0,280.0,243.0,304.0,242.0,267.0,271.0,241
22,330.0,274.0,386.0,311.0,310.0,289.0,254.0,292.0,307.0,293.0,249.0,315.0,256.0,274.0,283.0,251
23,352.0,285.0,412.0,323.0,322.0,308.0,265.0,298.0,315.0,306.0,256.0,331.0,269.0,279.0,299.0,260
24,366.0,304.0,414.0,330.0,346.0,316.0,269.0,320.0,325.0,308.0,264.0,337.0,281.0,288.0,304.0,270
25,378.0,315.0,423.0,348.0,353.0,326.0,285.0,331.0,334.0,325.0,278.0,352.0,292.0,301.0,314.0,285
26,390.0,324.0,437.0,354.0,356.0,338.0,297.0,350.0,343.0,336.0,282.0,371.0,300.0,309.0,328.0,299
27,406.0,343.0,451.0,361.0,368.0,356.0,304.0,364.0,347.0,353.0,295.0,386.0,308.0,313.0,342.0,308
28,418.0,354.0,454.0,373.0,385.0,368.0,311.0,367.0,358.0,367.0,301.0,399.0,320.0,318.0,363.0,320
29,433.0,364.0,467.0,392.0,389.0,381.0,317.0,383.0,386.0,385.0,310.0,413.0,327.0,339.0,378.0,325
30,442.0,381.0,477.0,405.0,399.0,387.0,333.0,393.0,408.0,404.0,323.0,435.0,332.0,358.0,392.0,340
31,446.0,390.0,488.0,417.0,406.0,406.0,345.0,400.0,429.0,410.0,336.0,452.0,340.0,376.0,400.0,357
32,469.0,405.0,495.0,429.0,417.0,424.0,351.0,408.0,441.0,419.0,349.0,460.0,357.0,396.0,409.0,369
33,487.0,408.0,514.0,436.0,424.0,429.0,356.0,414.0,450.0,429.0,353.0,482.0,370.0,412.0,416.0,384
34,502.0,414.0,529.0,455.0,439.0,439.0,364.0,427.0,460.0,441.0,359.0,500.0,386.0,419.0,420.0,391
35,517.0,423.0,535.0,476.0,441.0,452.0,378.0,448.0,476.0,455.0,376.0,504.0,406.0,431.0,431.0,399
36,526.0,425.0,547.0,490.0,447.0,461.0,401.0,461.0,491.0,470.0,385.0,512.0,425.0,440.0,436.0,407
37,542.0,431.0,554.0,506.0,453.0,469.0,428.0,473.0,493.0,478.0,403.0,521.0,442.0,450.0,445.0,419
38,552.0,438.0,561.0,521.0,456.0,481.0,446.0,483.0,504.0,485.0,416.0,531.0,459.0,462.0,460.0,434
39,558.0,453.0,585.0,533.0,478.0,506.0,461.0,506.0,508.0,496.0,429.0,546.0,472.0,472.0,479.0,449
40,567.0,470.0,598.0,541.0,480.0,515.0,485.0,519.0,516.0,504.0,437.0,551.0,486.0,479.0,486.0,466
41,574.0,479.0,603.0,558.0,490.0,533.0,501.0,540.0,526.0,514.0,450.0,577.0,497.0,493.0,496.0,474
42,594.0,490.0,608.0,579.0,497.0,547.0,515.0,552.0,535.0,523.0,454.0,592.0,505.0,506.0,498.0,478
43,597.0,501.0,619.0,595.0,504.0,554.0,527.0,556.0,548.0,530.0,468.0,604.0,529.0,519.0,508.0,486
44,603.0,514.0,623.0,624.0,510.0,574.0,539.0,567.0,565.0,536.0,485.0,615.0,539.0,526.0,521.0,500
45,608.0,521.0,625.0,629.0,522.0,602.0,558.0,583.0,573.0,545.0,496.0,634.0,557.0,537.0,531.0,513
46,624.0,534.0,627.0,635.0,527.0,621.0,569.0,602.0,591.0,554.0,504.0,641.0,571.0,539.0,547.0,530
47,642.0,547.0,655.0,656.0,533.0,634.0,577.0,615.0,605.0,562.0,515.0,644.0,595.0,547.0,559.0,536
48,649.0,557.0,663.0,680.0,547.0,655.0,596.0,631.0,620.0,573.0,522.0,655.0,599.0,563.0,576.0,552
49,660.0,574.0,676.0,705.0,549.0,668.0,607.0,643.0,630.0,583.0,531.0,664.0,621.0,574.0,593.0,563
50,673.0,586.0,684.0,729.0,562.0,678.0,619.0,645.0,639.0,600.0,543.0,670.0,629.0,586.0,603.0,568
51,678.0,595.0,692.0,746.0,567.0,695.0,632.0,647.0,661.0,610.0,558.0,681.0,641.0,601.0,613.0,577
52,695.0,608.0,724.0,753.0,578.0,703.0,661.0,663.0,681.0,615.0,572.0,702.0,652.0,612.0,630.0,593
53,714.0,628.0,734.0,765.0,591.0,714.0,677.0,676.0,700.0,623.0,604.0,727.0,664.0,629.0,641.0,600
54,739.0,651.0,742.0,770.0,599.0,724.0,695.0,693.0,712.0,632.0,611.0,746.0,691.0,641.0,666.0,619
55,761.0,662.0,750.0,784.0,612.0,747.0,711.0,706.0,727.0,647.0,624.0,755.0,712.0,662.0,690.0,645
56,775.0,674.0,768.0,796.0,624.0,755.0,726.0,715.0,745.0,650.0,634.0,757.0,721.0,671.0,702.0,653
57,781.0,682.0,768.0,799.0,644.0,764.0,741.0,727.0,760.0,661.0,648.0,779.0,737.0,673.0,713.0,662
58,799.0,697.0,768.0,802.0,666.0,770.0,749.0,746.0,775.0,681.0,659.0,798.0,761.0,685.0,731.0,677
59,816.0,711.0,768.0,809.0,677.0,774.0,770.0,750.0,787.0,686.0,669.0,828.0,790.0,696.0,742.0,688
60,821.0,721.0,768.0,825.0,689.0,788.0,777.0,759.0,803.0,699.0,684.0,834.0,809.0,703.0,756.0,695
61,834.0,733.0,768.0,843.0,692.0,806.0,797.0,775.0,823.0,712.0,693.0,839.0,828.0,720.0,773.0,713
62,847.0,743.0,768.0,853.0,701.0,819.0,814.0,788.0,846.0,726.0,702.0,847.0,842.0,728.0,794.0,735
63,849.0,756.0,768.0,874.0,712.0,827.0,821.0,795.0,850.0,750.0,713.0,848.0,852.0,750.0,798.0,750
64,861.0,758.0,768.0,896.0,720.0,834.0,830.0,809.0,853.0,760.0,728.0,875.0,865.0,768.0,808.0,768
65,874.0,781.0,768.0,914.0,722.0,852.0,837.0,826.0,861.0,777.0,737.0,897.0,875.0,777.0,824.0,775
66,888.0,791.0,768.0,928.0,730.0,862.0,851.0,837.0,872.0,786.0,746.0,908.0,890.0,793.0,838.0,787
67,896.0,803.0,768.0,955.0,737.0,871.0,861.0,854.0,888.0,806.0,756.0,928.0,897.0,799.0,846.0,797
68,909.0,817.0,768.0,967.0,739.0,887.0,873.0,861.0,902.0,815.0,761.0,948.0,912.0,817.0,861.0,803
69,921.0,838.0,768.0,980.0,739.0,898.0,886.0,881.0,916.0,826.0,776.0,965.0,936.0,841.0,868.0,815
70,959.0,849.0,768.0,986.0,739.0,910.0,902.0,887.0,951.0,827.0,783.0,980.0,947.0,855.0,870.0,831
71,970.0,862.0,768.0,995.0,739.0,927.0,913.0,905.0,961.0,835.0,801.0,996.0,964.0,864.0,885.0,845
72,980.0,871.0,768.0,1009.0,739.0,943.0,927.0,913.0,972.0,851.0,817.0,997.0,983.0,877.0,896.0,863
73,994.0,880.0,768.0,1016.0,739.0,955.0,931.0,918.0,984.0,861.0,835.0,1001.0,999.0,889.0,909.0,885
74,1017.0,896.0,768.0,1027.0,739.0,961.0,958.0,931.0,998.0,870.0,840.0,1007.0,1019.0,922.0,921.0,896
75,1027.0,904.0,768.0,1031.0,739.0,973.0,970.0,937.0,1005.0,880.0,844.0,1023.0,1030.0,942.0,933.0,916
76,1031.0,911.0,768.0,1035.0,739.0,988.0,982.0,948.0,1009.0,897.0,855.0,1028.0,1045.0,979.0,956.0,920
77,1044.0,927.0,768.0,1050.0,739.0,998.0,990.0,951.0,1025.0,909.0,865.0,1048.0,1052.0,987.0,964.0,927
78,1064.0,947.0,768.0,1083.0,739.0,1018.0,1001.0,963.0,1041.0,918.0,877.0,1049.0,1056.0,1001.0,969.0,944
79,1084.0,957.0,768.0,1095.0,739.0,1028.0,1015.0,981.0,1059.0,932.0,892.0,1058.0,1067.0,1004.0,984.0,956
80,1105.0,968.0,768.0,1116.0,739.0,1035.0,1024.0,1000.0,1073.0,936.0,909.0,1068.0,1078.0,1011.0,999.0,967
81,1114.0,982.0,768.0,1134.0,739.0,1040.0,1035.0,1018.0,1087.0,945.0,923.0,1072.0,1086.0,1011.0,1017.0,982
82,1132.0,993.0,768.0,1150.0,739.0,1055.0,1047.0,1040.0,1093.0,948.0,931.0,1082.0,1102.0,1024.0,1030.0,996
83,1145.0,1005.0,768.0,1169.0,739.0,1068.0,1072.0,1051.0,1107.0,964.0,947.0,1099.0,1103.0,1038.0,1035.0,1024
84,1152.0,1018.0,768.0,1175.0,739.0,1077.0,1085.0,1062.0,1107.0,967.0,966.0,1115.0,1109.0,1046.0,1045.0,1040
85,1164.0,1038.0,768.0,1179.0,739.0,1094.0,1096.0,1069.0,1107.0,979.0,973.0,1130.0,1131.0,1063.0,1055.0,1049
86,1178.0,1050.0,768.0,1192.0,739.0,1103.0,1118.0,1078.0,1107.0,994.0,978.0,1136.0,1150.0,1072.0,1073.0,1061
87,1190.0,1055.0,768.0,1197.0,739.0,1117.0,1127.0,1087.0,1107.0,1008.0,987.0,1148.0,1161.0,1084.0,1077.0,1083
88,1200.0,1069.0,768.0,1230.0,739.0,1125.0,1142.0,1100.0,1107.0,1018.0,997.0,1160.0,1177.0,1096.0,1085.0,1096
89,1220.0,1078.0,768.0,1242.0,739.0,1134.0,1153.0,1114.0,1107.0,1028.0,1001.0,1185.0,1193.0,1113.0,1096.0,1108
90,1228.0,1090.0,768.0,1249.0,739.0,1144.0,1158.0,1132.0,1107.0,1044.0,1013.0,1204.0,1212.0,1127.0,1107.0,1126
91,1241.0,1108.0,768.0,1265.0,739.0,1151.0,1167.0,1145.0,1107.0,1055.0,1026.0,1226.0,1237.0,1140.0,1114.0,1149
92,1254.0,1111.0,768.0,1279.0,739.0,1174.0,1189.0,1161.0,1107.0,1061.0,1038.0,1271.0,1251.0,1143.0,1127.0,1168
93,1269.0,1123.0,768.0,1288.0,739.0,1181.0,1209.0,1178.0,1107.0,1072.0,1061.0,1307.0,1265.0,1146.0,1136.0,1183
94,1273.0,1139.0,768.0,1302.0,739.0,1198.0,1230.0,1189.0,1107.0,1081.0,1069.0,1318.0,1278.0,1151.0,1152.0,1193
95,1286.0,1153.0,768.0,1308.0,739.0,1213.0,1244.0,1198.0,1107.0,1087.0,1079.0,1341.0,1293.0,1165.0,1159.0,1204
96,1300.0,1163.0,768.0,1320.0,739.0,1217.0,1253.0,1207.0,1107.0,1098.0,1086.0,1365.0,1310.0,1174.0,1170.0,1219
97,1317.0,1177.0,768.0,1326.0,739.0,1223.0,1272.0,1219.0,1107.0,1103.0,1096.0,1381.0,1320.0,1189.0,1177.0,1230
98,1328.0,1186.0,768.0,1335.0,739.0,1244.0,1282.0,1234.0,1107.0,1115.0,1104.0,1388.0,1328.0,1203.0,1194.0,1241
99,1346.0,1191.0,768.0,1347.0,739.0,1257.0,1289.0,1247.0,1107.0,1128.0,1112.0,1401.0,1340.0,1212.0,1204.0,1260
100,1365.0,1203.0,768.0,1369.0,739.0,1268.0,1303.0,1256.0,1107.0,1150.0,1122.0,1409.0,1351.0,1239.0,1214.0,1274
101,1369.0,1210.0,768.0,1378.0,739.0,1269.0,1316.0,1278.0,1107.0,1171.0,1128.0,1415.0,1364.0,1242.0,1227.0,1290
102,1392.0,1225.0,768.0,1394.0,739.0,1283.0,1328.0,1285.0,1107.0,1186.0,1136.0,1429.0,1373.0,1255.0,1234.0,1306
103,1414.0,1233.0,768.0,1410.0,739.0,1285.0,1349.0,1299.0,1107.0,1197.0,1149.0,1443.0,1377.0,1263.0,1251.0,1319
104,1429.0,1238.0,768.0,1423.0,739.0,1305.0,1369.0,1314.0,1107.0,1205.0,1157.0,1455.0,1385.0,1282.0,1263.0,1323
105,1443.0,1250.0,768.0,1438.0,739.0,1322.0,1386.0,1323.0,1107.0,1217.0,1167.0,1474.0,1402.0,1307.0,1267.0,1338
106,1455.0,1267.0,768.0,1449.0,739.0,1336.0,1394.0,1342.0,1107.0,1228.0,1182.0,1492.0,1411.0,1320.0,1287.0,1352
107,1464.0,1279.0,768.0,1454.0,739.0,1351.0,1409.0,1355.0,1107.0,1242.0,1190.0,1497.0,1420.0,1332.0,1303.0,1366
108,1472.0,1290.0,768.0,1465.0,739.0,1364.0,1418.0,1366.0,1107.0,1247.0,1200.0,1516.0,1428.0,1344.0,1312.0,1389
109,1491.0,1302.0,768.0,1482.0,739.0,1384.0,1435.0,1378.0,1107.0,1256.0,1213.0,1533.0,1437.0,1363.0,1332.0,1408
110,1504.0,1314.0,768.0,1496.0,739.0,1418.0,1452.0,1392.0,1107.0,1270.0,1225.0,1541.0,1447.0,1371.0,1344.0,1444
111,1516.0,1327.0,768.0,1514.0,739.0,1444.0,1466.0,1409.0,1107.0,1273.0,1246.0,1545.0,1465.0,1388.0,1350.0,1457
112,1522.0,1336.0,768.0,1523.0,739.0,1461.0,1473.0,1417.0,1107.0,1283.0,1258.0,1561.0,1470.0,1407.0,1365.0,1472
113,1529.0,1353.0,768.0,1530.0,739.0,1466.0,1479.0,1430.0,1107.0,1293.0,1265.0,1579.0,1477.0,1422.0,1376.0,1479
114,1540.0,1361.0,768.0,1546.0,739.0,1471.0,1497.0,1441.0,1107.0,1304.0,1280.0,1591.0,1481.0,1443.0,1387.0,1489
115,1557.0,1364.0,768.0,1557.0,739.0,1476.0,1518.0,1456.0,1107.0,1317.0,1288.0,1606.0,1502.0,1464.0,1412.0,1507
116,1567.0,1386.0,768.0,1563.0,739.0,1490.0,1531.0,1473.0,1107.0,1328.0,1307.0,1633.0,1516.0,1475.0,1422.0,1528
117,1588.0,1401.0,768.0,1591.0,739.0,1509.0,1542.0,1484.0,1107.0,1340.0,1318.0,1641.0,1531.0,1493.0,1437.0,1541
118,1598.0,1413.0,768.0,1598.0,739.0,1534.0,1549.0,1494.0,1107.0,1350.0,1324.0,1645.0,1547.0,1512.0,1453.0,1555
119,1605.0,1425.0,768.0,1609.0,739.0,1541.0,1566.0,1503.0,1107.0,1358.0,1340.0,1665.0,1558.0,1520.0,1467.0,1575
120,1611.0,1445.0,768.0,1623.0,739.0,1557.0,1574.0,1516.0,1107.0,1373.0,1352.0,1679.0,1580.0,1530.0,1475.0,1591
121,1618.0,1450.0,768.0,1629.0,739.0,1574.0,1586.0,1529.0,1107.0,1381.0,1363.0,1686.0,1595.0,1546.0,1494.0,1613
122,1639.0,1465.0,768.0,1637.0,739.0,1593.0,1596.0,1549.0,1107.0,1395.0,1375.0,1704.0,1605.0,1554.0,1507.0,1626
123,1651.0,1474.0,768.0,1650.0,739.0,1602.0,1617.0,1561.0,1107.0,1425.0,1390.0,1730.0,1621.0,1571.0,1515.0,1636
124,1661.0,1482.0,768.0,1660.0,739.0,1621.0,1628.0,1575.0,1107.0,1432.0,1404.0,1737.0,1628.0,1584.0,1528.0,1645
125,1680.0,1501.0,768.0,1664.0,739.0,1635.0,1640.0,1593.0,1107.0,1443.0,1415.0,1756.0,1638.0,1606.0,1537.0,1659
126,1688.0,1511.0,768.0,1671.0,739.0,1648.0,1649.0,1604.0,1107.0,1452.0,1422.0,1764.0,1644.0,1615.0,1559.0,1673
127,1699.0,1521.0,768.0,1677.0,739.0,1682.0,1666.0,1619.0,1107.0,1459.0,1429.0,1773.0,1654.0,1624.0,1575.0,1682
128,1702.0,1536.0,768.0,1689.0,739.0,1707.0,1685.0,1635.0,1107.0,1470.0,1433.0,1809.0,1669.0,1637.0,1588.0,1692
129,1714.0,1547.0,768.0,1696.0,739.0,1725.0,1698.0,1649.0,1107.0,1483.0,1448.0,1825.0,1679.0,1648.0,1601.0,1709
130,1738.0,1556.0,768.0,1701.0,739.0,1730.0,1707.0,1659.0,1107.0,1495.0,1458.0,1827.0,1691.0,1651.0,1604.0,1719
131,1740.0,1569.0,768.0,1718.0,739.0,1740.0,1717.0,1668.0,1107.0,1500.0,1470.0,1847.0,1693.0,1668.0,1622.0,1742
132,1749.0,1581.0,768.0,1728.0,739.0,1745.0,1726.0,1674.0,1107.0,1514.0,1480.0,1852.0,1696.0,1679.0,1628.0,1759
133,1756.0,1590.0,768.0,1742.0,739.0,1753.0,1732.0,1683.0,1107.0,1530.0,1490.0,1872.0,1714.0,1691.0,1633.0,1769
134,1775.0,1611.0,768.0,1776.0,739.0,1763.0,1742.0,1714.0,1107.0,1540.0,1498.0,1880.0,1725.0,1700.0,1642.0,1781
135,1786.0,1622.0,768.0,1798.0,739.0,1782.0,1757.0,1727.0,1107.0,1552.0,1510.0,1889.0,1739.0,1714.0,1654.0,1793
136,1794.0,1631.0,768.0,1811.0,739.0,1802.0,1768.0,1743.0,1107.0,1561.0,1524.0,1918.0,1759.0,1725.0,1656.0,1810
137,1808.0,1643.0,768.0,1831.0,739.0,1815.0,1782.0,1748.0,1107.0,1577.0,1533.0,1940.0,1777.0,1730.0,1670.0,1825
138,1820.0,1667.0,768.0,1840.0,739.0,1836.0,1793.0,1766.0,1107.0,1589.0,1537.0,1980.0,1793.0,1742.0,1683.0,1846
139,1825.0,1681.0,768.0,1851.0,739.0,1849.0,1811.0,1780.0,1107.0,1595.0,1550.0,1989.0,1798.0,1749.0,1703.0,1863
140,1836.0,1692.0,768.0,1867.0,739.0,1877.0,1820.0,1791.0,1107.0,1604.0,1571.0,2003.0,1814.0,1764.0,1715.0,1875
141,1844.0,1698.0,768.0,1881.0,739.0,1891.0,1848.0,1807.0,1107.0,1614.0,1576.0,2029.0,1831.0,1776.0,1728.0,1880
142,1857.0,1713.0,768.0,1894.0,739.0,1909.0,1879.0,1819.0,1107.0,1626.0,1582.0,2062.0,1844.0,1798.0,1740.0,1887
143,1874.0,1733.0,768.0,1903.0,739.0,1927.0,1916.0,1826.0,1107.0,1640.0,1589.0,2087.0,1852.0,1814.0,1763.0,1896
144,1890.0,1744.0,768.0,1920.0,739.0,1941.0,1931.0,1847.0,1107.0,1654.0,1595.0,2095.0,1854.0,1829.0,1769.0,1911
145,1904.0,1763.0,768.0,1954.0,739.0,1946.0,1938.0,1857.0,1107.0,1672.0,1601.0,2117.0,1864.0,1839.0,1778.0,1924
146,1916.0,1774.0,768.0,1971.0,739.0,1955.0,1959.0,1871.0,1107.0,1685.0,1612.0,2140.0,1873.0,1846.0,1793.0,1944
147,1924.0,1790.0,768.0,1987.0,739.0,1965.0,1967.0,1887.0,1107.0,1703.0,1628.0,2152.0,1893.0,1854.0,1807.0,1951
148,1945.0,1812.0,768.0,2001.0,739.0,1974.0,1976.0,1908.0,1107.0,1713.0,1637.0,2184.0,1916.0,1868.0,1822.0,1961
149,1950.0,1831.0,768.0,2014.0,739.0,1985.0,1992.0,1940.0,1107.0,1725.0,1650.0,2194.0,1925.0,1891.0,1831.0,1981
150,1967.0,1842.0,768.0,2029.0,739.0,2011.0,2009.0,1952.0,1107.0,1739.0,1672.0,2207.0,1937.0,1897.0,1848.0,1990
151,1981.0,1863.0,768.0,2034.0,739.0,2023.0,2029.0,1957.0,1107.0,1746.0,1679.0,2228.0,1951.0,1908.0,1857.0,1996
152,2011.0,1873.0,768.0,2045.0,739.0,2036.0,2045.0,1981.0,1107.0,1765.0,1685.0,2249.0,1961.0,1917.0,1867.0,2016
153,2019.0,1882.0,768.0,2057.0,739.0,2054.0,2054.0,2006.0,1107.0,1778.0,1696.0,2256.0,1978.0,1938.0,1872.0,2036
154,2025.0,1892.0,768.0,2066.0,739.0,2063.0,2066.0,2009.0,1107.0,1785.0,1712.0,2258.0,1985.0,1949.0,1892.0,2046
155,2031.0,1904.0,768.0,2083.0,739.0,2069.0,2084.0,2022.0,1107.0,1797.0,1714.0,2264.0,1990.0,1962.0,1902.0,2062
156,2038.0,1913.0,768.0,2097.0,739.0,2069.0,2101.0,2039.0,1107.0,1808.0,1719.0,2284.0,2000.0,1985.0,1922.0,2088
157,2056.0,1919.0,768.0,2120.0,739.0,2069.0,2111.0,2056.0,1107.0,1815.0,1727.0,2299.0,2010.0,1998.0,1937.0,2109
158,2078.0,1927.0,768.0,2141.0,739.0,2069.0,2113.0,2081.0,1107.0,1821.0,1733.0,2313.0,2023.0,2012.0,1959.0,2135
159,2087.0,1937.0,768.0,2145.0,739.0,2069.0,2122.0,2091.0,1107.0,1833.0,1739.0,2319.0,2035.0,2035.0,1976.0,2154
160,2106.0,1945.0,768.0,2154.0,739.0,2069.0,2137.0,2098.0,1107.0,1841.0,1746.0,2337.0,2047.0,2052.0,1996.0,2169
161,2124.0,1955.0,768.0,2157.0,739.0,2069.0,2147.0,2115.0,1107.0,1852.0,1762.0,2353.0,2065.0,2067.0,2014.0,2179
162,2143.0,1968.0,768.0,2168.0,739.0,2069.0,2160.0,2123.0,1107.0,1862.0,1769.0,2374.0,2081.0,2086.0,2019.0,2197
163,2155.0,1973.0,768.0,2186.0,739.0,2069.0,2168.0,2138.0,1107.0,1876.0,1776.0,2394.0,2092.0,2097.0,2029.0,2217
164,2176.0,1992.0,768.0,2195.0,739.0,2069.0,2191.0,2149.0,1107.0,1892.0,1786.0,2409.0,2109.0,2106.0,2034.0,2262
165,2187.0,2007.0,768.0,2204.0,739.0,2069.0,2212.0,2152.0,1107.0,1897.0,1793.0,2416.0,2126.0,2118.0,2044.0,2271
166,2193.0,2013.0,768.0,2214.0,739.0,2069.0,2226.0,2160.0,1107.0,1909.0,1807.0,2429.0,2135.0,2129.0,2051.0,2281
167,2208.0,2022.0,768.0,2223.0,739.0,2069.0,2231.0,2167.0,1107.0,1924.0,1815.0,2437.0,2149.0,2137.0,2059.0,2299
168,2215.0,2028.0,768.0,2227.0,739.0,2069.0,2241.0,2180.0,1107.0,1932.0,1820.0,2449.0,2154.0,2146.0,2067.0,2320
169,2220.0,2032.0,768.0,2242.0,739.0,2069.0,2255.0,2188.0,1107.0,1937.0,1831.0,2471.0,2183.0,2160.0,2084.0,2331
170,2233.0,2052.0,768.0,2249.0,739.0,2069.0,2274.0,2197.0,1107.0,1952.0,1836.0,2496.0,2191.0,2172.0,2103.0,2355
171,2259.0,2068.0,768.0,2253.0,739.0,2069.0,2285.0,2208.0,1107.0,1961.0,1848.0,2507.0,2205.0,2181.0,2118.0,2381
172,2272.0,2078.0,768.0,2268.0,739.0,2069.0,2296.0,2223.0,1107.0,1971.0,1857.0,2526.0,2219.0,2199.0,2123.0,2389
173,2286.0,2095.0,768.0,2288.0,739.0,2069.0,2316.0,2236.0,1107.0,1981.0,1869.0,2543.0,2243.0,2210.0,2136.0,2404
174,2300.0,2109.0,768.0,2308.0,739.0,2069.0,2330.0,2247.0,1107.0,1990.0,1889.0,2568.0,2263.0,2224.0,2145.0,2419
175,2316.0,2132.0,768.0,2314.0,739.0,2069.0,2345.0,2250.0,1107.0,1997.0,1913.0,2591.0,2275.0,2233.0,2157.0,2429
176,2322.0,2134.0,768.0,2325.0,739.0,2069.0,2352.0,2264.0,1107.0,2010.0,1924.0,2602.0,2276.0,2249.0,2162.0,2446
177,2338.0,2139.0,768.0,2331.0,739.0,2069.0,2360.0,2274.0,1107.0,2026.0,1929.0,2612.0,2289.0,2267.0,2173.0,2456
178,2348.0,2150.0,768.0,2339.0,739.0,2069.0,2380.0,2295.0,1107.0,2031.0,1930.0,2634.0,2304.0,2275.0,2186.0,2467
179,2363.0,2161.0,768.0,2353.0,739.0,2069.0,2397.0,2303.0,1107.0,2054.0,1938.0,2648.0,2309.0,2290.0,2208.0,2489
180,2371.0,2172.0,768.0,2366.0,739.0,2069.0,2413.0,2309.0,1107.0,2066.0,1948.0,2659.0,2325.0,2297.0,2221.0,2508
181,2380.0,2178.0,768.0,2386.0,739.0,2069.0,2441.0,2316.0,1107.0,2072.0,1956.0,2672.0,2341.0,2316.0,2228.0,2520
182,2390.0,2186.0,768.0,2397.0,739.0,2069.0,2450.0,2334.0,1107.0,2078.0,1962.0,2708.0,2351.0,2322.0,2239.0,2528
183,2398.0,2201.0,768.0,2421.0,739.0,2069.0,2455.0,2358.0,1107.0,2094.0,1978.0,2730.0,2363.0,2334.0,2249.0,2547
184,2412.0,2215.0,768.0,2440.0,739.0,2069.0,2470.0,2371.0,1107.0,2110.0,1981.0,2745.0,2372.0,2344.0,2260.0,2564
185,2421.0,2221.0,768.0,2449.0,739.0,2069.0,2483.0,2389.0,1107.0,2114.0,1994.0,2762.0,2388.0,2360.0,2280.0,2583
186,2435.0,2239.0,768.0,2474.0,739.0,2069.0,2491.0,2402.0,1107.0,2134.0,2008.0,2783.0,2406.0,2389.0,2295.0,2590
187,2454.0,2245.0,768.0,2489.0,739.0,2069.0,2501.0,2413.0,1107.0,2146.0,2018.0,2796.0,2417.0,2397.0,2309.0,2599
188,2463.0,2260.0,768.0,2502.0,739.0,2069.0,2506.0,2434.0,1107.0,2152.0,2030.0,2812.0,2439.0,2407.0,2329.0,2615
189,2473.0,2272.0,768.0,2508.0,739.0,2069.0,2515.0,2454.0,1107.0,2158.0,2039.0,2820.0,2457.0,2424.0,2335.0,2627
190,2488.0,2287.0,768.0,2528.0,739.0,2069.0,2533.0,2469.0,1107.0,2172.0,2046.0,2836.0,2473.0,2443.0,2347.0,2643
191,2489.0,2298.0,768.0,2547.0,739.0,2069.0,2555.0,2476.0,1107.0,2180.0,2050.0,2850.0,2484.0,2458.0,2360.0,2652
192,2489.0,2313.0,768.0,2564.0,739.0,2069.0,2563.0,2484.0,1107.0,2191.0,2056.0,2854.0,2510.0,2486.0,2367.0,2659
193,2489.0,2317.0,768.0,2571.0,739.0,2069.0,2570.0,2500.0,1107.0,2216.0,2065.0,2877.0,2525.0,2496.0,2392.0,2678
194,2489.0,2344.0,768.0,2582.0,739.0,2069.0,2575.0,2511.0,1107.0,2228.0,2067.0,2894.0,2534.0,2508.0,2399.0,2681
195,2489.0,2357.0,768.0,2586.0,739.0,2069.0,2582.0,2526.0,1107.0,2236.0,2081.0,2911.0,2547.0,2514.0,2411.0,2702
196,2489.0,2367.0,768.0,2599.0,739.0,2069.0,2593.0,2535.0,1107.0,2247.0,2091.0,2917.0,2560.0,2526.0,2433.0,2712
197,2489.0,2371.0,768.0,2614.0,739.0,2069.0,2597.0,2547.0,1107.0,2255.0,2101.0,2918.0,2571.0,2533.0,2440.0,2720
198,2489.0,2384.0,768.0,2627.0,739.0,2069.0,2612.0,2558.0,1107.0,2265.0,2110.0,2932.0,2584.0,2544.0,2452.0,2725
199,2489.0,2403.0,768.0,2650.0,739.0,2069.0,2632.0,2562.0,1107.0,2277.0,2121.0,2952.0,2600.0,2562.0,2477.0,2737
200,2489.0,2410.0,768.0,2669.0,739.0,2069.0,2643.0,2577.0,1107.0,2287.0,2129.0,2971.0,2613.0,2568.0,2494.0,2741
201,2489.0,2423.0,768.0,2675.0,739.0,2069.0,2655.0,2585.0,1107.0,2296.0,2147.0,3003.0,2624.0,2581.0,2508.0,2761
202,2489.0,2435.0,768.0,2689.0,739.0,2069.0,2660.0,2620.0,1107.0,2313.0,2158.0,3038.0,2641.0,2591.0,2520.0,2763
203,2489.0,2443.0,768.0,2708.0,739.0,2069.0,2684.0,2633.0,1107.0,2327.0,2181.0,3057.0,2660.0,2595.0,2531.0,2777
204,2489.0,2461.0,768.0,2721.0,739.0,2069.0,2702.0,2639.0,1107.0,2334.0,2189.0,3072.0,2685.0,2598.0,2541.0,2792
205,2489.0,2470.0,768.0,2737.0,739.0,2069.0,2718.0,2649.0,1107.0,2334.0,2194.0,3095.0,2706.0,2616.0,2559.0,2807
206,2489.0,2483.0,768.0,2751.0,739.0,2069.0,2735.0,2655.0,1107.0,2334.0,2202.0,3101.0,2720.0,2629.0,2584.0,2827
207,2489.0,2501.0,768.0,2766.0,739.0,2069.0,2741.0,2663.0,1107.0,2334.0,2212.0,3105.0,2741.0,2649.0,2597.0,2837
208,2489.0,2510.0,768.0,2786.0,739.0,2069.0,2756.0,2680.0,1107.0,2334.0,2222.0,3115.0,2758.0,2664.0,2604.0,2848
209,2489.0,2535.0,768.0,2804.0,739.0,2069.0,2775.0,2691.0,1107.0,2334.0,2223.0,3128.0,2766.0,2672.0,2620.0,2848
210,2489.0,2544.0,768.0,2812.0,739.0,2069.0,2787.0,2705.0,1107.0,2334.0,2239.0,3147.0,2772.0,2680.0,2633.0,2858
211,2489.0,2564.0,768.0,2813.0,739.0,2069.0,2807.0,2722.0,1107.0,2334.0,2245.0,3150.0,2795.0,2697.0,2645.0,2883
212,2489.0,2580.0,768.0,2828.0,739.0,2069.0,2825.0,2732.0,1107.0,2334.0,2254.0,3179.0,2804.0,2705.0,2652.0,2904
213,2489.0,2590.0,768.0,2841.0,739.0,2069.0,2847.0,2739.0,1107.0,2334.0,2257.0,3197.0,2824.0,2714.0,2661.0,2915
214,2489.0,2606.0,768.0,2857.0,739.0,2069.0,2870.0,2754.0,1107.0,2334.0,2268.0,3208.0,2854.0,2726.0,2664.0,2925
215,2489.0,2622.0,768.0,2868.0,739.0,2069.0,2876.0,2766.0,1107.0,2334.0,2278.0,3219.0,2873.0,2741.0,2680.0,2944
216,2489.0,2633.0,768.0,2886.0,739.0,2069.0,2880.0,2776.0,1107.0,2334.0,2291.0,3247.0,2896.0,2757.0,2693.0,2958
217,2489.0,2659.0,768.0,2899.0,739.0,2069.0,2896.0,2793.0,1107.0,2334.0,2298.0,3253.0,2910.0,2777.0,2699.0,2966
218,2489.0,2675.0,768.0,2919.0,739.0,2069.0,2905.0,2808.0,1107.0,2334.0,2308.0,3260.0,2930.0,2789.0,2722.0,2978
219,2489.0,2686.0,768.0,2933.0,739.0,2069.0,2915.0,2820.0,1107.0,2334.0,2314.0,3274.0,2934.0,2793.0,2733.0,2990
220,2489.0,2700.0,768.0,2946.0,739.0,2069.0,2930.0,2831.0,1107.0,2334.0,2329.0,3301.0,2937.0,2800.0,2751.0,3010
221,2489.0,2716.0,768.0,2959.0,739.0,2069.0,2939.0,2843.0,1107.0,2334.0,2339.0,3322.0,2947.0,2818.0,2759.0,3025
222,2489.0,2736.0,768.0,2970.0,739.0,2069.0,2953.0,2859.0,1107.0,2334.0,2356.0,3339.0,2964.0,2835.0,2778.0,3034
223,2489.0,2746.0,768.0,2991.0,739.0,2069.0,2964.0,2887.0,1107.0,2334.0,2372.0,3361.0,2977.0,2859.0,2798.0,3039
224,2489.0,2770.0,768.0,3014.0,739.0,2069.0,2980.0,2905.0,1107.0,2334.0,2379.0,3365.0,2994.0,2873.0,2809.0,3044
225,2489.0,2779.0,768.0,3029.0,739.0,2069.0,3003.0,2923.0,1107.0,2334.0,2393.0,3378.0,3013.0,2886.0,2823.0,3056
226,2489.0,2788.0,768.0,3041.0,739.0,2069.0,3013.0,2934.0,1107.0,2334.0,2410.0,3398.0,3035.0,2894.0,2826.0,3077
227,2489.0,2801.0,768.0,3059.0,739.0,2069.0,3027.0,2950.0,1107.0,2334.0,2417.0,3409.0,3049.0,2902.0,2844.0,3090
228,2489.0,2812.0,768.0,3070.0,739.0,2069.0,3033.0,2961.0,1107.0,2334.0,2427.0,3428.0,3059.0,2910.0,2861.0,3110
229,2489.0,2815.0,768.0,3091.0,739.0,2069.0,3037.0,2969.0,1107.0,2334.0,2427.0,3439.0,3074.0,2925.0,2875.0,3130
230,2489.0,2821.0,768.0,3114.0,739.0,2069.0,3048.0,2987.0,1107.0,2334.0,2427.0,3441.0,3094.0,2936.0,2882.0,3153
231,2489.0,2839.0,768.0,3136.0,739.0,2069.0,3056.0,3008.0,1107.0,2334.0,2427.0,3460.0,3108.0,2950.0,2898.0,3171
232,2489.0,2853.0,768.0,3153.0,739.0,2069.0,3063.0,3026.0,1107.0,2334.0,2427.0,3472.0,3127.0,2970.0,2911.0,3190
233,2489.0,2868.0,768.0,3168.0,739.0,2069.0,3083.0,3029.0,1107.0,2334.0,2427.0,3477.0,3140.0,2981.0,2924.0,3202
234,2489.0,2887.0,768.0,3189.0,739.0,2069.0,3101.0,3036.0,1107.0,2334.0,2427.0,3490.0,3155.0,2994.0,2929.0,3205
235,2489.0,2905.0,768.0,3204.0,739.0,2069.0,3107.0,3053.0,1107.0,2334.0,2427.0,3507.0,3164.0,3011.0,2940.0,3219
236,2489.0,2911.0,768.0,3223.0,739.0,2069.0,3132.0,3063.0,1107.0,2334.0,2427.0,3508.0,3180.0,3028.0,2949.0,3226
237,2489.0,2919.0,768.0,3236.0,739.0,2069.0,3148.0,3079.0,1107.0,2334.0,2427.0,3535.0,3196.0,3050.0,2964.0,3245
238,2489.0,2927.0,768.0,3253.0,739.0,2069.0,3156.0,3098.0,1107.0,2334.0,2427.0,3557.0,3211.0,3063.0,2977.0,3252
239,2489.0,2943.0,768.0,3265.0,739.0,2069.0,3174.0,3115.0,1107.0,2334.0,2427.0,3562.0,3224.0,3078.0,2989.0,3262
240,2489.0,2956.0,768.0,3272.0,739.0,2069.0,3185.0,3131.0,1107.0,2334.0,2427.0,3573.0,3256.0,3091.0,3009.0,3276
241,2489.0,2972.0,768.0,3275.0,739.0,2069.0,3200.0,3158.0,1107.0,2334.0,2427.0,3584.0,3264.0,3101.0,3019.0,3285
242,2489.0,2982.0,768.0,3289.0,739.0,2069.0,3234.0,3171.0,1107.0,2334.0,2427.0,3606.0,3295.0,3117.0,3026.0,3291
243,2489.0,2988.0,768.0,3303.0,739.0,2069.0,3248.0,3182.0,1107.0,2334.0,2427.0,3621.0,3307.0,3122.0,3036.0,3297
244,2489.0,2996.0,768.0,3314.0,739.0,2069.0,3265.0,3184.0,1107.0,2334.0,2427.0,3627.0,3322.0,3135.0,3053.0,3304
245,2489.0,3023.0,768.0,3319.0,739.0,2069.0,3268.0,3208.0,1107.0,2334.0,2427.0,3649.0,3333.0,3153.0,3067.0,3316
246,2489.0,3039.0,768.0,3332.0,739.0,2069.0,3279.0,3224.0,1107.0,2334.0,2427.0,3663.0,3337.0,3177.0,3077.0,3328
247,2489.0,3056.0,768.0,3343.0,739.0,2069.0,3294.0,3239.0,1107.0,2334.0,2427.0,3676.0,3346.0,3201.0,3085.0,3336
248,2489.0,3076.0,768.0,3359.0,739.0,2069.0,3310.0,3249.0,1107.0,2334.0,2427.0,3692.0,3364.0,3214.0,3090.0,3345
249,2489.0,3086.0,768.0,3381.0,739.0,2069.0,3325.0,3256.0,1107.0,2334.0,2427.0,3701.0,3382.0,3224.0,3105.0,3350
250,2489.0,3096.0,768.0,3389.0,739.0,2069.0,3337.0,3271.0,1107.0,2334.0,2427.0,3713.0,3407.0,3232.0,3111.0,3359
251,2489.0,3103.0,768.0,3404.0,739.0,2069.0,3353.0,3284.0,1107.0,2334.0,2427.0,3745.0,3414.0,3239.0,3117.0,3367
252,2489.0,3125.0,768.0,3412.0,739.0,2069.0,3359.0,3288.0,1107.0,2334.0,2427.0,3763.0,3427.0,3243.0,3134.0,3373
253,2489.0,3140.0,768.0,3414.0,739.0,2069.0,3367.0,3300.0,1107.0,2334.0,2427.0,3771.0,3442.0,3250.0,3144.0,3384
254,2489.0,3149.0,768.0,3427.0,739.0,2069.0,3382.0,3313.0,1107.0,2334.0,2427.0,3792.0,3459.0,3273.0,3161.0,3396
255,2489.0,3153.0,768.0,3437.0,739.0,2069.0,3393.0,3329.0,1107.0,2334.0,2427.0,3823.0,3476.0,3285.0,3170.0,3405
256,2489.0,3159.0,768.0,3449.0,739.0,2069.0,3413.0,3341.0,1107.0,2334.0,2427.0,3829.0,3499.0,3298.0,3182.0,3412
257,2489.0,3169.0,768.0,3469.0,739.0,2069.0,3425.0,3355.0,1107.0,2334.0,2427.0,3845.0,3506.0,3308.0,3188.0,3425
258,2489.0,3175.0,768.0,3479.0,739.0,2069.0,3441.0,3378.0,1107.0,2334.0,2427.0,3855.0,3516.0,3323.0,3199.0,3448
259,2489.0,3189.0,768.0,3501.0,739.0,2069.0,3449.0,3386.0,1107.0,2334.0,2427.0,3881.0,3540.0,3341.0,3210.0,3466
260,2489.0,3205.0,768.0,3509.0,739.0,2069.0,3457.0,3393.0,1107.0,2334.0,2427.0,3894.0,3552.0,3355.0,3222.0,3476
261,2489.0,3222.0,768.0,3519.0,739.0,2069.0,3472.0,3404.0,1107.0,2334.0,2427.0,3907.0,3577.0,3377.0,3235.0,3481
262,2489.0,3238.0,768.0,3545.0,739.0,2069.0,3491.0,3420.0,1107.0,2334.0,2427.0,3917.0,3600.0,3390.0,3246.0,3494
263,2489.0,3247.0,768.0,3565.0,739.0,2069.0,3503.0,3428.0,1107.0,2334.0,2427.0,3929.0,3618.0,3406.0,3250.0,3515
264,2489.0,3259.0,768.0,3573.0,739.0,2069.0,3520.0,3446.0,1107.0,2334.0,2427.0,3945.0,3627.0,3422.0,3260.0,3520
265,2489.0,3288.0,768.0,3589.0,739.0,2069.0,3533.0,3453.0,1107.0,2334.0,2427.0,3958.0,3637.0,3427.0,3269.0,3527
266,2489.0,3293.0,768.0,3608.0,739.0,2069.0,3550.0,3457.0,1107.0,2334.0,2427.0,3978.0,3648.0,3443.0,3276.0,3556
267,2489.0,3303.0,768.0,3610.0,739.0,2069.0,3564.0,3470.0,1107.0,2334.0,2427.0,3994.0,3665.0,3450.0,3286.0,3575
268,2489.0,3321.0,768.0,3622.0,739.0,2069.0,3578.0,3490.0,1107.0,2334.0,2427.0,4008.0,3678.0,3453.0,3306.0,3587
269,2489.0,3333.0,768.0,3637.0,739.0,2069.0,3587.0,3507.0,1107.0,2334.0,2427.0,4013.0,3704.0,3463.0,3310.0,3610
270,2489.0,3343.0,768.0,3653.0,739.0,2069.0,3595.0,3533.0,1107.0,2334.0,2427.0,4018.0,3715.0,3493.0,3323.0,3626
271,2489.0,3355.0,768.0,3658.0,739.0,2069.0,3612.0,3541.0,1107.0,2334.0,2427.0,4032.0,3728.0,3514.0,3332.0,3636
272,2489.0,3376.0,768.0,3671.0,739.0,2069.0,3637.0,3546.0,1107.0,2334.0,2427.0,4039.0,3755.0,3524.0,3345.0,3651
273,2489.0,3391.0,768.0,3680.0,739.0,2069.0,3646.0,3561.0,1107.0,2334.0,2427.0,4050.0,3763.0,3540.0,3365.0,3656
274,2489.0,3399.0,768.0,3684.0,739.0,2069.0,3662.0,3568.0,1107.0,2334.0,2427.0,4077.0,3781.0,3553.0,3376.0,3664
275,2489.0,3410.0,768.0,3697.0,739.0,2069.0,3681.0,3580.0,1107.0,2334.0,2427.0,4087.0,3802.0,3566.0,3386.0,3673
276,2489.0,3428.0,768.0,3718.0,739.0,2069.0,3693.0,3610.0,1107.0,2334.0,2427.0,4094.0,3814.0,3577.0,3399.0,3685
277,2489.0,3440.0,768.0,3731.0,739.0,2069.0,3710.0,3619.0,1107.0,2334.0,2427.0,4105.0,3822.0,3583.0,3414.0,3694
278,2489.0,3453.0,768.0,3751.0,739.0,2069.0,3733.0,3630.0,1107.0,2334.0,2427.0,4114.0,3842.0,3600.0,3416.0,3709
279,2489.0,3465.0,768.0,3758.0,739.0,2069.0,3745.0,3641.0,1107.0,2334.0,2427.0,4122.0,3867.0,3605.0,3432.0,3723
280,2489.0,3476.0,768.0,3768.0,739.0,2069.0,3762.0,3657.0,1107.0,2334.0,2427.0,4131.0,3877.0,3612.0,3447.0,3737
281,2489.0,3482.0,768.0,3772.0,739.0,2069.0,3774.0,3677.0,1107.0,2334.0,2427.0,4148.0,3897.0,3619.0,3459.0,3748
282,2489.0,3484.0,768.0,3780.0,739.0,2069.0,3783.0,3688.0,1107.0,2334.0,2427.0,4175.0,3919.0,3625.0,3461.0,3753
283,2489.0,3496.0,768.0,3794.0,739.0,2069.0,3804.0,3706.0,1107.0,2334.0,2427.0,4188.0,3933.0,3638.0,3472.0,3761
284,2489.0,3514.0,768.0,3816.0,739.0,2069.0,3813.0,3724.0,1107.0,2334.0,2427.0,4204.0,3947.0,3658.0,3476.0,3770
285,2489.0,3532.0,768.0,3830.0,739.0,2069.0,3823.0,3736.0,1107.0,2334.0,2427.0,4208.0,3956.0,3679.0,3500.0,3784
286,2489.0,3544.0,768.0,3847.0,739.0,2069.0,3858.0,3748.0,1107.0,2334.0,2427.0,4234.0,3964.0,3695.0,3512.0,3793
287,2489.0,3556.0,768.0,3861.0,739.0,2069.0,3865.0,3756.0,1107.0,2334.0,2427.0,4244.0,3977.0,3704.0,3521.0,3799
288,2489.0,3563.0,768.0,3876.0,739.0,2069.0,3871.0,3766.0,1107.0,2334.0,2427.0,4251.0,3995.0,3726.0,3534.0,3814
289,2489.0,3566.0,768.0,3880.0,739.0,2069.0,3886.0,3773.0,1107.0,2334.0,2427.0,4272.0,4005.0,3738.0,3548.0,3828
290,2489.0,3585.0,768.0,3880.0,739.0,2069.0,3901.0,3792.0,1107.0,2334.0,2427.0,4289.0,4017.0,3759.0,3563.0,3842
291,2489.0,3597.0,768.0,3880.0,739.0,2069.0,3912.0,3795.0,1107.0,2334.0,2427.0,4300.0,4020.0,3772.0,3567.0,3867
292,2489.0,3604.0,768.0,3880.0,739.0,2069.0,3921.0,3807.0,1107.0,2334.0,2427.0,4315.0,4030.0,3777.0,3582.0,3895
293,2489.0,3613.0,768.0,3880.0,739.0,2069.0,3928.0,3824.0,1107.0,2334.0,2427.0,4336.0,4035.0,3785.0,3602.0,3904
294,2489.0,3630.0,768.0,3880.0,739.0,2069.0,3934.0,3843.0,1107.0,2334.0,2427.0,4352.0,4048.0,3804.0,3611.0,3906
295,2489.0,3649.0,768.0,3880.0,739.0,2069.0,3945.0,3860.0,1107.0,2334.0,2427.0,4355.0,4057.0,3822.0,3627.0,3923
296,2489.0,3658.0,768.0,3880.0,739.0,2069.0,3972.0,3866.0,1107.0,2334.0,2427.0,4367.0,4079.0,3827.0,3634.0,3936
297,2489.0,3663.0,768.0,3880.0,739.0,2069.0,3979.0,3887.0,1107.0,2334.0,2427.0,4377.0,4088.0,3836.0,3642.0,3947
298,2489.0,3672.0,768.0,3880.0,739.0,2069.0,3998.0,3902.0,1107.0,2334.0,2427.0,4403.0,4090.0,3841.0,3651.0,3959
299,2489.0,3682.0,768.0,3880.0,739.0,2069.0,4009.0,3909.0,1107.0,2334.0,2427.0,4405.0,4097.0,3854.0,3663.0,3974
300,2489.0,3694.0,768.0,3880.0,739.0,2069.0,4019.0,3913.0,1107.0,2334.0,2427.0,4410.0,4108.0,3864.0,3677.0,3988
301,2489.0,3702.0,768.0,3880.0,739.0,2069.0,4036.0,3924.0,1107.0,2334.0,2427.0,4417.0,4124.0,3876.0,3708.0,4001
302,2489.0,3704.0,768.0,3880.0,739.0,2069.0,4046.0,3948.0,1107.0,2334.0,2427.0,4419.0,4142.0,3883.0,3726.0,4014
303,2489.0,3706.0,768.0,3880.0,739.0,2069.0,4065.0,3972.0,1107.0,2334.0,2427.0,4442.0,4156.0,3887.0,3738.0,4023
304,2489.0,3713.0,768.0,3880.0,739.0,2069.0,4088.0,3982.0,1107.0,2334.0,2427.0,4459.0,4166.0,3902.0,3758.0,4038
305,2489.0,3724.0,768.0,3880.0,739.0,2069.0,4097.0,3988.0,1107.0,2334.0,2427.0,4469.0,4196.0,3908.0,3773.0,4052
306,2489.0,3740.0,768.0,3880.0,739.0,2069.0,4116.0,3998.0,1107.0,2334.0,2427.0,4485.0,4209.0,3920.0,3787.0,4062
307,2489.0,3761.0,768.0,3880.0,739.0,2069.0,4127.0,4014.0,1107.0,2334.0,2427.0,4490.0,4225.0,3933.0,3800.0,4070
308,2489.0,3772.0,768.0,3880.0,739.0,2069.0,4134.0,4025.0,1107.0,2334.0,2427.0,4511.0,4241.0,3944.0,3811.0,4077
309,2489.0,3790.0,768.0,3880.0,739.0,2069.0,4148.0,4035.0,1107.0,2334.0,2427.0,4519.0,4251.0,3954.0,3818.0,4100
310,2489.0,3798.0,768.0,3880.0,739.0,2069.0,4162.0,4051.0,1107.0,2334.0,2427.0,4538.0,4260.0,3966.0,3836.0,4102
311,2489.0,3805.0,768.0,3880.0,739.0,2069.0,4170.0,4076.0,1107.0,2334.0,2427.0,4551.0,4269.0,3983.0,3845.0,4114
312,2489.0,3811.0,768.0,3880.0,739.0,2069.0,4181.0,4100.0,1107.0,2334.0,2427.0,4557.0,4293.0,3995.0,3863.0,4124
313,2489.0,3824.0,768.0,3880.0,739.0,2069.0,4194.0,4106.0,1107.0,2334.0,2427.0,4566.0,4307.0,4016.0,3869.0,4137
314,2489.0,3830.0,768.0,3880.0,739.0,2069.0,4211.0,4122.0,1107.0,2334.0,2427.0,4580.0,4318.0,4033.0,3878.0,4150
315,2489.0,3838.0,768.0,3880.0,739.0,2069.0,4225.0,4138.0,1107.0,2334.0,2427.0,4594.0,4326.0,4043.0,3894.0,4160
316,2489.0,3845.0,768.0,3880.0,739.0,2069.0,4238.0,4149.0,1107.0,2334.0,2427.0,4608.0,4336.0,4065.0,3910.0,4179
317,2489.0,3859.0,768.0,3880.0,739.0,2069.0,4245.0,4158.0,1107.0,2334.0,2427.0,4616.0,4349.0,4075.0,3921.0,4187
318,2489.0,3875.0,768.0,3880.0,739.0,2069.0,4250.0,4189.0,1107.0,2334.0,2427.0,4632.0,4358.0,4087.0,3934.0,4209
319,2489.0,3885.0,768.0,3880.0,739.0,2069.0,4255.0,4209.0,1107.0,2334.0,2427.0,4660.0,4372.0,4093.0,3947.0,4226
320,2489.0,3901.0,768.0,3880.0,739.0,2069.0,4271.0,4226.0,1107.0,2334.0,2427.0,4682.0,4383.0,4105.0,3959.0,4237
321,2489.0,3911.0,768.0,3880.0,739.0,2069.0,4287.0,4236.0,1107.0,2334.0,2427.0,4692.0,4390.0,4115.0,3966.0,4252
322,2489.0,3922.0,768.0,3880.0,739.0,2069.0,4296.0,4241.0,1107.0,2334.0,2427.0,4699.0,4409.0,4133.0,3971.0,4268
323,2489.0,3931.0,768.0,3880.0,739.0,2069.0,4303.0,4244.0,1107.0,2334.0,2427.0,4704.0,4425.0,4147.0,3995.0,4278
324,2489.0,3937.0,768.0,3880.0,739.0,2069.0,4314.0,4248.0,1107.0,2334.0,2427.0,4713.0,4439.0,4169.0,4014.0,4294
325,2489.0,3958.0,768.0,3880.0,739.0,2069.0,4325.0,4257.0,1107.0,2334.0,2427.0,4720.0,4456.0,4180.0,4031.0,4302
326,2489.0,3963.0,768.0,3880.0,739.0,2069.0,4350.0,4262.0,1107.0,2334.0,2427.0,4735.0,4467.0,4192.0,4045.0,4313
327,2489.0,3976.0,768.0,3880.0,739.0,2069.0,4362.0,4277.0,1107.0,2334.0,2427.0,4740.0,4486.0,4205.0,4058.0,4334
328,2489.0,3980.0,768.0,3880.0,739.0,2069.0,4374.0,4294.0,1107.0,2334.0,2427.0,4747.0,4510.0,4217.0,4070.0,4347
329,2489.0,3989.0,768.0,3880.0,739.0,2069.0,4385.0,4308.0,1107.0,2334.0,2427.0,4754.0,4520.0,4225.0,4082.0,4360
330,2489.0,4000.0,768.0,3880.0,739.0,2069.0,4392.0,4319.0,1107.0,2334.0,2427.0,4762.0,4541.0,4228.0,4090.0,4373
331,2489.0,4015.0,768.0,3880.0,739.0,2069.0,4408.0,4322.0,1107.0,2334.0,2427.0,4780.0,4557.0,4239.0,4100.0,4378
332,2489.0,4026.0,768.0,3880.0,739.0,2069.0,4412.0,4337.0,1107.0,2334.0,2427.0,4787.0,4572.0,4251.0,4116.0,4394
333,2489.0,4035.0,768.0,3880.0,739.0,2069.0,4421.0,4343.0,1107.0,2334.0,2427.0,4793.0,4584.0,4273.0,4125.0,4425
334,2489.0,4044.0,768.0,3880.0,739.0,2069.0,4452.0,4367.0,1107.0,2334.0,2427.0,4807.0,4596.0,4290.0,4135.0,4457
335,2489.0,4056.0,768.0,3880.0,739.0,2069.0,4462.0,4381.0,1107.0,2334.0,2427.0,4814.0,4605.0,4296.0,4152.0,4463
336,2489.0,4064.0,768.0,3880.0,739.0,2069.0,4478.0,4392.0,1107.0,2334.0,2427.0,4829.0,4620.0,4305.0,4165.0,4474
337,2489.0,4075.0,768.0,3880.0,739.0,2069.0,4487.0,4404.0,1107.0,2334.0,2427.0,4836.0,4642.0,4318.0,4172.0,4486
338,2489.0,4080.0,768.0,3880.0,739.0,2069.0,4501.0,4432.0,1107.0,2334.0,2427.0,4846.0,4652.0,4332.0,4186.0,4498
339,2489.0,4094.0,768.0,3880.0,739.0,2069.0,4519.0,4448.0,1107.0,2334.0,2427.0,4855.0,4663.0,4347.0,4195.0,4515
340,2489.0,4102.0,768.0,3880.0,739.0,2069.0,4528.0,4470.0,1107.0,2334.0,2427.0,4874.0,4674.0,4356.0,4211.0,4540
341,2489.0,4110.0,768.0,3880.0,739.0,2069.0,4546.0,4484.0,1107.0,2334.0,2427.0,4890.0,4687.0,4364.0,4228.0,4548
342,2489.0,4125.0,768.0,3880.0,739.0,2069.0,4558.0,4491.0,1107.0,2334.0,2427.0,4898.0,4703.0,4366.0,4245.0,4562
343,2489.0,4137.0,768.0,3880.0,739.0,2069.0,4582.0,4501.0,1107.0,2334.0,2427.0,4914.0,4718.0,4379.0,4257.0,4572
344,2489.0,4151.0,768.0,3880.0,739.0,2069.0,4589.0,4516.0,1107.0,2334.0,2427.0,4925.0,4725.0,4387.0,4273.0,4584
345,2489.0,4161.0,768.0,3880.0,739.0,2069.0,4614.0,4524.0,1107.0,2334.0,2427.0,4933.0,4731.0,4391.0,4282.0,4588
346,2489.0,4169.0,768.0,3880.0,739.0,2069.0,4624.0,4538.0,1107.0,2334.0,2427.0,4939.0,4746.0,4400.0,4296.0,4608
347,2489.0,4180.0,768.0,3880.0,739.0,2069.0,4641.0,4552.0,1107.0,2334.0,2427.0,4954.0,4769.0,4411.0,4305.0,4624
348,2489.0,4184.0,768.0,3880.0,739.0,2069.0,4652.0,4558.0,1107.0,2334.0,2427.0,4966.0,4776.0,4433.0,4313.0,4639
349,2489.0,4197.0,768.0,3880.0,739.0,2069.0,4663.0,4565.0,1107.0,2334.0,2427.0,4975.0,4791.0,4438.0,4327.0,4648
350,2489.0,4202.0,768.0,3880.0,739.0,2069.0,4671.0,4575.0,1107.0,2334.0,2427.0,4987.0,4797.0,4457.0,4339.0,4661
351,2489.0,4212.0,768.0,3880.0,739.0,2069.0,4689.0,4580.0,1107.0,2334.0,2427.0,4997.0,4810.0,4466.0,4352.0,4680
352,2489.0,4217.0,768.0,3880.0,739.0,2069.0,4704.0,4587.0,1107.0,2334.0,2427.0,4997.0,4817.0,4482.0,4373.0,4696
353,2489.0,4217.0,768.0,3880.0,739.0,2069.0,4711.0,4590.0,1107.0,2334.0,2427.0,4997.0,4824.0,4484.0,4384.0,4700
354,2489.0,4217.0,768.0,3880.0,739.0,2069.0,4721.0,4600.0,1107.0,2334.0,2427.0,4997.0,4838.0,4499.0,4388.0,4721
355,2489.0,4217.0,768.0,3880.0,739.0,2069.0,4734.0,4609.0,1107.0,2334.0,2427.0,4997.0,4856.0,4513.0,4399.0,4732
356,2489.0,4217.0,768.0,3880.0,739.0,2069.0,4748.0,4634.0,1107.0,2334.0,2427.0,4997.0,4883.0,4521.0,4409.0,4740
357,2489.0,4217.0,768.0,3880.0,739.0,2069.0,4761.0,4643.0,1107.0,2334.0,2427.0,4997.0,4898.0,4532.0,4423.0,4749
358,2489.0,4217.0,768.0,3880.0,739.0,2069.0,4778.0,4664.0,1107.0,2334.0,2427.0,4997.0,4913.0,4551.0,4444.0,4759
359,2489.0,4217.0,768.0,3880.0,739.0,2069.0,4792.0,4671.0,1107.0,2334.0,2427.0,4997.0,4929.0,4563.0,4459.0,4782
360,2489.0,4217.0,768.0,3880.0,739.0,2069.0,4804.0,4693.0,1107.0,2334.0,2427.0,4997.0,4938.0,4572.0,4478.0,4799
361,2489.0,4217.0,768.0,3880.0,739.0,2069.0,4817.0,4703.0,1107.0,2334.0,2427.0,4997.0,4945.0,4590.0,4493.0,4810
362,2489.0,4217.0,768.0,3880.0,739.0,2069.0,4832.0,4706.0,1107.0,2334.0,2427.0,4997.0,4959.0,4597.0,4502.0,4835
363,2489.0,4217.0,768.0,3880.0,739.0,2069.0,4840.0,4718.0,1107.0,2334.0,2427.0,4997.0,4977.0,4613.0,4513.0,4846
364,2489.0,4217.0,768.0,3880.0,739.0,2069.0,4852.0,4733.0,1107.0,2334.0,2427.0,4997.0,4986.0,4621.0,4526.0,4865
365,2489.0,4217.0,768.0,3880.0,739.0,2069.0,4862.0,4751.0,1107.0,2334.0,2427.0,4997.0,4996.0,4637.0,4537.0,4872
366,2489.0,4217.0,768.0,3880.0,739.0,2069.0,4870.0,4765.0,1107.0,2334.0,2427.0,4997.0,5011.0,4650.0,4540.0,4883
367,2489.0,4217.0,768.0,3880.0,739.0,2069.0,4881.0,4780.0,1107.0,2334.0,2427.0,4997.0,5025.0,4673.0,4559.0,4891
368,2489.0,4217.0,768.0,3880.0,739.0,2069.0,4894.0,4789.0,1107.0,2334.0,2427.0,4997.0,5037.0,4679.0,4574.0,4909
369,2489.0,4217.0,768.0,3880.0,739.0,2069.0,4912.0,4802.0,1107.0,2334.0,2427.0,4997.0,5042.0,4705.0,4587.0,4918
370,2489.0,4217.0,768.0,3880.0,739.0,2069.0,4922.0,4815.0,1107.0,2334.0,2427.0,4997.0,5052.0,4719.0,4602.0,4929
371,2489.0,4217.0,768.0,3880.0,739.0,2069.0,4932.0,4826.0,1107.0,2334.0,2427.0,4997.0,5062.0,4731.0,4613.0,4940
372,2489.0,4217.0,768.0,3880.0,739.0,2069.0,4936.0,4842.0,1107.0,2334.0,2427.0,4997.0,5073.0,4746.0,4628.0,4944
373,2489.0,4217.0,768.0,3880.0,739.0,2069.0,4950.0,4855.0,1107.0,2334.0,2427.0,4997.0,5083.0,4761.0,4638.0,4957
374,2489.0,4217.0,768.0,3880.0,739.0,2069.0,4965.0,4864.0,1107.0,2334.0,2427.0,4997.0,5089.0,4779.0,4654.0,4969
375,2489.0,4217.0,768.0,3880.0,739.0,2069.0,4974.0,4874.0,1107.0,2334.0,2427.0,4997.0,5099.0,4793.0,4664.0,4980
376,2489.0,4217.0,768.0,3880.0,739.0,2069.0,4995.0,4881.0,1107.0,2334.0,2427.0,4997.0,5121.0,4797.0,4678.0,4992
377,2489.0,4217.0,768.0,3880.0,739.0,2069.0,5000.0,4890.0,1107.0,2334.0,2427.0,4997.0,5137.0,4801.0,4688.0,5008
378,2489.0,4217.0,768.0,3880.0,739.0,2069.0,5008.0,4908.0,1107.0,2334.0,2427.0,4997.0,5146.0,4814.0,4697.0,5036
379,2489.0,4217.0,768.0,3880.0,739.0,2069.0,5028.0,4920.0,1107.0,2334.0,2427.0,4997.0,5153.0,4827.0,4713.0,5045
380,2489.0,4217.0,768.0,3880.0,739.0,2069.0,5038.0,4933.0,1107.0,2334.0,2427.0,4997.0,5161.0,4851.0,4731.0,5057
381,2489.0,4217.0,768.0,3880.0,739.0,2069.0,5054.0,4944.0,1107.0,2334.0,2427.0,4997.0,5186.0,4868.0,4748.0,5065
382,2489.0,4217.0,768.0,3880.0,739.0,2069.0,5069.0,4959.0,1107.0,2334.0,2427.0,4997.0,5197.0,4873.0,4760.0,5076
383,2489.0,4217.0,768.0,3880.0,739.0,2069.0,5077.0,4979.0,1107.0,2334.0,2427.0,4997.0,5214.0,4878.0,4769.0,5083
384,2489.0,4217.0,768.0,3880.0,739.0,2069.0,5097.0,4995.0,1107.0,2334.0,2427.0,4997.0,5223.0,4894.0,4780.0,5097
385,2489.0,4217.0,768.0,3880.0,739.0,2069.0,5102.0,5001.0,1107.0,2334.0,2427.0,4997.0,5238.0,4904.0,4795.0,5105
386,2489.0,4217.0,768.0,3880.0,739.0,2069.0,5108.0,5010.0,1107.0,2334.0,2427.0,4997.0,5257.0,4916.0,4806.0,5108
387,2489.0,4217.0,768.0,3880.0,739.0,2069.0,5122.0,5020.0,1107.0,2334.0,2427.0,4997.0,5269.0,4924.0,4822.0,5112
388,2489.0,4217.0,768.0,3880.0,739.0,2069.0,5132.0,5023.0,1107.0,2334.0,2427.0,4997.0,5282.0,4936.0,4832.0,5121
389,2489.0,4217.0,768.0,3880.0,739.0,2069.0,5154.0,5031.0,1107.0,2334.0,2427.0,4997.0,5292.0,4941.0,4845.0,5128
390,2489.0,4217.0,768.0,3880.0,739.0,2069.0,5164.0,5044.0,1107.0,2334.0,2427.0,4997.0,5304.0,4945.0,4848.0,5144
391,2489.0,4217.0,768.0,3880.0,739.0,2069.0,5178.0,5066.0,1107.0,2334.0,2427.0,4997.0,5321.0,4951.0,4856.0,5152
392,2489.0,4217.0,768.0,3880.0,739.0,2069.0,5184.0,5072.0,1107.0,2334.0,2427.0,4997.0,5338.0,4954.0,4870.0,5161
393,2489.0,4217.0,768.0,3880.0,739.0,2069.0,5206.0,5093.0,1107.0,2334.0,2427.0,4997.0,5348.0,4954.0,4886.0,5167
394,2489.0,4217.0,768.0,3880.0,739.0,2069.0,5228.0,5102.0,1107.0,2334.0,2427.0,4997.0,5351.0,4954.0,4899.0,5178
395,2489.0,4217.0,768.0,3880.0,739.0,2069.0,5238.0,5104.0,1107.0,2334.0,2427.0,4997.0,5359.0,4954.0,4912.0,5188
396,2489.0,4217.0,768.0,3880.0,739.0,2069.0,5252.0,5114.0,1107.0,2334.0,2427.0,4997.0,5362.0,4954.0,4922.0,5210
397,2489.0,4217.0,768.0,3880.0,739.0,2069.0,5273.0,5127.0,1107.0,2334.0,2427.0,4997.0,5377.0,4954.0,4927.0,5214
398,2489.0,4217.0,768.0,3880.0,739.0,2069.0,5289.0,5136.0,1107.0,2334.0,2427.0,4997.0,5383.0,4954.0,4937.0,5221
399,2489.0,4217.0,768.0,3880.0,739.0,2069.0,5303.0,5146.0,1107.0,2334.0,2427.0,4997.0,5393.0,4954.0,4943.0,5240
400,2489.0,4217.0,768.0,3880.0,739.0,2069.0,5327.0,5159.0,1107.0,2334.0,2427.0,4997.0,5414.0,4954.0,4948.0,5250
401,2489.0,4217.0,768.0,3880.0,739.0,2069.0,5341.0,5170.0,1107.0,2334.0,2427.0,4997.0,5428.0,4954.0,4953.0,5258
402,2489.0,4217.0,768.0,3880.0,739.0,2069.0,5350.0,5179.0,1107.0,2334.0,2427.0,4997.0,5437.0,4954.0,4960.0,5274
403,2489.0,4217.0,768.0,3880.0,739.0,2069.0,5356.0,5193.0,1107.0,2334.0,2427.0,4997.0,5456.0,4954.0,4970.0,5286
404,2489.0,4217.0,768.0,3880.0,739.0,2069.0,5371.0,5195.0,1107.0,2334.0,2427.0,4997.0,5471.0,4954.0,4980.0,5301
405,2489.0,4217.0,768.0,3880.0,739.0,2069.0,5385.0,5205.0,1107.0,2334.0,2427.0,4997.0,5487.0,4954.0,4996.0,5313
406,2489.0,4217.0,768.0,3880.0,739.0,2069.0,5394.0,5211.0,1107.0,2334.0,2427.0,4997.0,5498.0,4954.0,5011.0,5324
407,2489.0,4217.0,768.0,3880.0,739.0,2069.0,5404.0,5219.0,1107.0,2334.0,2427.0,4997.0,5505.0,4954.0,5028.0,5339
408,2489.0,4217.0,768.0,3880.0,739.0,2069.0,5428.0,5239.0,1107.0,2334.0,2427.0,4997.0,5518.0,4954.0,5040.0,5346
409,2489.0,4217.0,768.0,3880.0,739.0,2069.0,5439.0,5250.0,1107.0,2334.0,2427.0,4997.0,5526.0,4954.0,5048.0,5356
410,2489.0,4217.0,768.0,3880.0,739.0,2069.0,5455.0,5260.0,1107.0,2334.0,2427.0,4997.0,5536.0,4954.0,5060.0,5362
411,2489.0,4217.0,768.0,3880.0,739.0,2069.0,5461.0,5276.0,1107.0,2334.0,2427.0,4997.0,5538.0,4954.0,5072.0,5386
412,2489.0,4217.0,768.0,3880.0,739.0,2069.0,5477.0,5287.0,1107.0,2334.0,2427.0,4997.0,5552.0,4954.0,5101.0,5393
413,2489.0,4217.0,768.0,3880.0,739.0,2069.0,5483.0,5293.0,1107.0,2334.0,2427.0,4997.0,5566.0,4954.0,5107.0,5401
414,2489.0,4217.0,768.0,3880.0,739.0,2069.0,5498.0,5320.0,1107.0,2334.0,2427.0,4997.0,5585.0,4954.0,5123.0,5415
415,2489.0,4217.0,768.0,3880.0,739.0,2069.0,5522.0,5328.0,1107.0,2334.0,2427.0,4997.0,5592.0,4954.0,5132.0,5433
416,2489.0,4217.0,768.0,3880.0,739.0,2069.0,5528.0,5347.0,1107.0,2334.0,2427.0,4997.0,5602.0,4954.0,5146.0,5443
417,2489.0,4217.0,768.0,3880.0,739.0,2069.0,5536.0,5364.0,1107.0,2334.0,2427.0,4997.0,5618.0,4954.0,5156.0,5453
418,2489.0,4217.0,768.0,3880.0,739.0,2069.0,5536.0,5371.0,1107.0,2334.0,2427.0,4997.0,5629.0,4954.0,5168.0,5463
419,2489.0,4217.0,768.0,3880.0,739.0,2069.0,5536.0,5391.0,1107.0,2334.0,2427.0,4997.0,5650.0,4954.0,5183.0,5480
420,2489.0,4217.0,768.0,3880.0,739.0,2069.0,5536.0,5400.0,1107.0,2334.0,2427.0,4997.0,5675.0,4954.0,5194.0,5492
421,2489.0,4217.0,768.0,3880.0,739.0,2069.0,5536.0,5412.0,1107.0,2334.0,2427.0,4997.0,5687.0,4954.0,5203.0,5505
422,2489.0,4217.0,768.0,3880.0,739.0,2069.0,5536.0,5424.0,1107.0,2334.0,2427.0,4997.0,5695.0,4954.0,5227.0,5512
423,2489.0,4217.0,768.0,3880.0,739.0,2069.0,5536.0,5439.0,1107.0,2334.0,2427.0,4997.0,5715.0,4954.0,5234.0,5525
424,2489.0,4217.0,768.0,3880.0,739.0,2069.0,5536.0,5453.0,1107.0,2334.0,2427.0,4997.0,5728.0,4954.0,5237.0,5535
425,2489.0,4217.0,768.0,3880.0,739.0,2069.0,5536.0,5470.0,1107.0,2334.0,2427.0,4997.0,5739.0,4954.0,5250.0,5541
426,2489.0,4217.0,768.0,3880.0,739.0,2069.0,5536.0,5476.0,1107.0,2334.0,2427.0,4997.0,5752.0,4954.0,5263.0,5557
427,2489.0,4217.0,768.0,3880.0,739.0,2069.0,5536.0,5482.0,1107.0,2334.0,2427.0,4997.0,5764.0,4954.0,5270.0,5570
428,2489.0,4217.0,768.0,3880.0,739.0,2069.0,5536.0,5491.0,1107.0,2334.0,2427.0,4997.0,5778.0,4954.0,5283.0,5584
429,2489.0,4217.0,768.0,3880.0,739.0,2069.0,5536.0,5504.0,1107.0,2334.0,2427.0,4997.0,5795.0,4954.0,5294.0,5600
430,2489.0,4217.0,768.0,3880.0,739.0,2069.0,5536.0,5513.0,1107.0,2334.0,2427.0,4997.0,5811.0,4954.0,5306.0,5610
431,2489.0,4217.0,768.0,3880.0,739.0,2069.0,5536.0,5527.0,1107.0,2334.0,2427.0,4997.0,5822.0,4954.0,5323.0,5621
432,2489.0,4217.0,768.0,3880.0,739.0,2069.0,5536.0,5540.0,1107.0,2334.0,2427.0,4997.0,5841.0,4954.0,5339.0,5631
433,2489.0,4217.0,768.0,3880.0,739.0,2069.0,5536.0,5565.0,1107.0,2334.0,2427.0,4997.0,5858.0,4954.0,5359.0,5641
434,2489.0,4217.0,768.0,3880.0,739.0,2069.0,5536.0,5584.0,1107.0,2334.0,2427.0,4997.0,5870.0,4954.0,5375.0,5650
435,2489.0,4217.0,768.0,3880.0,739.0,2069.0,5536.0,5599.0,1107.0,2334.0,2427.0,4997.0,5880.0,4954.0,5393.0,5659
436,2489.0,4217.0,768.0,3880.0,739.0,2069.0,5536.0,5617.0,1107.0,2334.0,2427.0,4997.0,5895.0,4954.0,5406.0,5662
437,2489.0,4217.0,768.0,3880.0,739.0,2069.0,5536.0,5620.0,1107.0,2334.0,2427.0,4997.0,5912.0,4954.0,5430.0,5679
438,2489.0,4217.0,768.0,3880.0,739.0,2069.0,5536.0,5624.0,1107.0,2334.0,2427.0,4997.0,5919.0,4954.0,5444.0,5696
439,2489.0,4217.0,768.0,3880.0,739.0,2069.0,5536.0,5631.0,1107.0,2334.0,2427.0,4997.0,5938.0,4954.0,5458.0,5707
440,2489.0,4217.0,768.0,3880.0,739.0,2069.0,5536.0,5642.0,1107.0,2334.0,2427.0,4997.0,5950.0,4954.0,5470.0,5714
441,2489.0,4217.0,768.0,3880.0,739.0,2069.0,5536.0,5660.0,1107.0,2334.0,2427.0,4997.0,5961.0,4954.0,5483.0,5728
442,2489.0,4217.0,768.0,3880.0,739.0,2069.0,5536.0,5673.0,1107.0,2334.0,2427.0,4997.0,5973.0,4954.0,5490.0,5742
443,2489.0,4217.0,768.0,3880.0,739.0,2069.0,5536.0,5681.0,1107.0,2334.0,2427.0,4997.0,5984.0,4954.0,5496.0,5751
444,2489.0,4217.0,768.0,3880.0,739.0,2069.0,5536.0,5698.0,1107.0,2334.0,2427.0,4997.0,5995.0,4954.0,5518.0,5759
445,2489.0,4217.0,768.0,3880.0,739.0,2069.0,5536.0,5719.0,1107.0,2334.0,2427.0,4997.0,6011.0,4954.0,5526.0,5770
446,2489.0,4217.0,768.0,3880.0,739.0,2069.0,5536.0,5722.0,1107.0,2334.0,2427.0,4997.0,6035.0,4954.0,5532.0,5783
447,2489.0,4217.0,768.0,3880.0,739.0,2069.0,5536.0,5734.0,1107.0,2334.0,2427.0,4997.0,6051.0,4954.0,5557.0,5793
448,2489.0,4217.0,768.0,3880.0,739.0,2069.0,5536.0,5750.0,1107.0,2334.0,2427.0,4997.0,6071.0,4954.0,5563.0,5803
449,2489.0,4217.0,768.0,3880.0,739.0,2069.0,5536.0,5762.0,1107.0,2334.0,2427.0,4997.0,6094.0,4954.0,5578.0,5813
450,2489.0,4217.0,768.0,3880.0,739.0,2069.0,5536.0,5770.0,1107.0,2334.0,2427.0,4997.0,6116.0,4954.0,5583.0,5820
451,2489.0,4217.0,768.0,3880.0,739.0,2069.0,5536.0,5776.0,1107.0,2334.0,2427.0,4997.0,6138.0,4954.0,5595.0,5832
452,2489.0,4217.0,768.0,3880.0,739.0,2069.0,5536.0,5783.0,1107.0,2334.0,2427.0,4997.0,6160.0,4954.0,5607.0,5850
453,2489.0,4217.0,768.0,3880.0,739.0,2069.0,5536.0,5801.0,1107.0,2334.0,2427.0,4997.0,6176.0,4954.0,5615.0,5858
454,2489.0,4217.0,768.0,3880.0,739.0,2069.0,5536.0,5818.0,1107.0,2334.0,2427.0,4997.0,6195.0,4954.0,5631.0,5864
455,2489.0,4217.0,768.0,3880.0,739.0,2069.0,5536.0,5841.0,1107.0,2334.0,2427.0,4997.0,6215.0,4954.0,5642.0,5883
456,2489.0,4217.0,768.0,3880.0,739.0,2069.0,5536.0,5852.0,1107.0,2334.0,2427.0,4997.0,6231.0,4954.0,5658.0,5890
457,2489.0,4217.0,768.0,3880.0,739.0,2069.0,5536.0,5859.0,1107.0,2334.0,2427.0,4997.0,6235.0,4954.0,5679.0,5898
458,2489.0,4217.0,768.0,3880.0,739.0,2069.0,5536.0,5875.0,1107.0,2334.0,2427.0,4997.0,6247.0,4954.0,5698.0,5908
459,2489.0,4217.0,768.0,3880.0,739.0,2069.0,5536.0,5880.0,1107.0,2334.0,2427.0,4997.0,6263.0,4954.0,5716.0,5920
460,2489.0,4217.0,768.0,3880.0,739.0,2069.0,5536.0,5899.0,1107.0,2334.0,2427.0,4997.0,6273.0,4954.0,5730.0,5931
461,2489.0,4217.0,768.0,3880.0,739.0,2069.0,5536.0,5922.0,1107.0,2334.0,2427.0,4997.0,6297.0,4954.0,5743.0,5943
462,2489.0,4217.0,768.0,3880.0,739.0,2069.0,5536.0,5939.0,1107.0,2334.0,2427.0,4997.0,6307.0,4954.0,5762.0,5958
463,2489.0,4217.0,768.0,3880.0,739.0,2069.0,5536.0,5952.0,1107.0,2334.0,2427.0,4997.0,6313.0,4954.0,5770.0,5968
464,2489.0,4217.0,768.0,3880.0,739.0,2069.0,5536.0,5958.0,1107.0,2334.0,2427.0,4997.0,6325.0,4954.0,5777.0,5976
465,2489.0,4217.0,768.0,3880.0,739.0,2069.0,5536.0,5967.0,1107.0,2334.0,2427.0,4997.0,6339.0,4954.0,5786.0,5985
466,2489.0,4217.0,768.0,3880.0,739.0,2069.0,5536.0,5980.0,1107.0,2334.0,2427.0,4997.0,6349.0,4954.0,5809.0,5994
467,2489.0,4217.0,768.0,3880.0,739.0,2069.0,5536.0,5991.0,1107.0,2334.0,2427.0,4997.0,6372.0,4954.0,5824.0,6007
468,2489.0,4217.0,768.0,3880.0,739.0,2069.0,5536.0,6003.0,1107.0,2334.0,2427.0,4997.0,6378.0,4954.0,5839.0,6022
469,2489.0,4217.0,768.0,3880.0,739.0,2069.0,5536.0,6009.0,1107.0,2334.0,2427.0,4997.0,6389.0,4954.0,5851.0,6031
470,2489.0,4217.0,768.0,3880.0,739.0,2069.0,5536.0,6020.0,1107.0,2334.0,2427.0,4997.0,6395.0,4954.0,5867.0,6041
471,2489.0,4217.0,768.0,3880.0,739.0,2069.0,5536.0,6027.0,1107.0,2334.0,2427.0,4997.0,6399.0,4954.0,5881.0,6055
472,2489.0,4217.0,768.0,3880.0,739.0,2069.0,5536.0,6038.0,1107.0,2334.0,2427.0,4997.0,6399.0,4954.0,5892.0,6071
473,2489.0,4217.0,768.0,3880.0,739.0,2069.0,5536.0,6046.0,1107.0,2334.0,2427.0,4997.0,6399.0,4954.0,5902.0,6081
474,2489.0,4217.0,768.0,3880.0,739.0,2069.0,5536.0,6051.0,1107.0,2334.0,2427.0,4997.0,6399.0,4954.0,5917.0,6093
475,2489.0,4217.0,768.0,3880.0,739.0,2069.0,5536.0,6059.0,1107.0,2334.0,2427.0,4997.0,6399.0,4954.0,5920.0,6102
476,2489.0,4217.0,768.0,3880.0,739.0,2069.0,5536.0,6074.0,1107.0,2334.0,2427.0,4997.0,6399.0,4954.0,5940.0,6122
477,2489.0,4217.0,768.0,3880.0,739.0,2069.0,5536.0,6087.0,1107.0,2334.0,2427.0,4997.0,6399.0,4954.0,5951.0,6150
478,2489.0,4217.0,768.0,3880.0,739.0,2069.0,5536.0,6094.0,1107.0,2334.0,2427.0,4997.0,6399.0,4954.0,5962.0,6165
479,2489.0,4217.0,768.0,3880.0,739.0,2069.0,5536.0,6099.0,1107.0,2334.0,2427.0,4997.0,6399.0,4954.0,5975.0,6174
480,2489.0,4217.0,768.0,3880.0,739.0,2069.0,5536.0,6104.0,1107.0,2334.0,2427.0,4997.0,6399.0,4954.0,5992.0,6181
481,2489.0,4217.0,768.0,3880.0,739.0,2069.0,5536.0,6117.0,1107.0,2334.0,2427.0,4997.0,6399.0,4954.0,6004.0,6191
482,2489.0,4217.0,768.0,3880.0,739.0,2069.0,5536.0,6129.0,1107.0,2334.0,2427.0,4997.0,6399.0,4954.0,6014.0,6203
483,2489.0,4217.0,768.0,3880.0,739.0,2069.0,5536.0,6135.0,1107.0,2334.0,2427.0,4997.0,6399.0,4954.0,6020.0,6206
484,2489.0,4217.0,768.0,3880.0,739.0,2069.0,5536.0,6158.0,1107.0,2334.0,2427.0,4997.0,6399.0,4954.0,6029.0,6216
485,2489.0,4217.0,768.0,3880.0,739.0,2069.0,5536.0,6177.0,1107.0,2334.0,2427.0,4997.0,6399.0,4954.0,6039.0,6229
486,2489.0,4217.0,768.0,3880.0,739.0,2069.0,5536.0,6181.0,1107.0,2334.0,2427.0,4997.0,6399.0,4954.0,6056.0,6238
487,2489.0,4217.0,768.0,3880.0,739.0,2069.0,5536.0,6200.0,1107.0,2334.0,2427.0,4997.0,6399.0,4954.0,6072.0,6254
488,2489.0,4217.0,768.0,3880.0,739.0,2069.0,5536.0,6213.0,1107.0,2334.0,2427.0,4997.0,6399.0,4954.0,6085.0,6262
489,2489.0,4217.0,768.0,3880.0,739.0,2069.0,5536.0,6213.0,1107.0,2334.0,2427.0,4997.0,6399.0,4954.0,6091.0,6274
490,2489.0,4217.0,768.0,3880.0,739.0,2069.0,5536.0,6213.0,1107.0,2334.0,2427.0,4997.0,6399.0,4954.0,6099.0,6286
491,2489.0,4217.0,768.0,3880.0,739.0,2069.0,5536.0,6213.0,1107.0,2334.0,2427.0,4997.0,6399.0,4954.0,6113.0,6293
492,2489.0,4217.0,768.0,3880.0,739.0,2069.0,5536.0,6213.0,1107.0,2334.0,2427.0,4997.0,6399.0,4954.0,6126.0,6307
493,2489.0,4217.0,768.0,3880.0,739.0,2069.0,5536.0,6213.0,1107.0,2334.0,2427.0,4997.0,6399.0,4954.0,6136.0,6324
494,2489.0,4217.0,768.0,3880.0,739.0,2069.0,5536.0,6213.0,1107.0,2334.0,2427.0,4997.0,6399.0,4954.0,6147.0,6335
495,2489.0,4217.0,768.0,3880.0,739.0,2069.0,5536.0,6213.0,1107.0,2334.0,2427.0,4997.0,6399.0,4954.0,6162.0,6345
496,2489.0,4217.0,768.0,3880.0,739.0,2069.0,5536.0,6213.0,1107.0,2334.0,2427.0,4997.0,6399.0,4954.0,6170.0,6353
497,2489.0,4217.0,768.0,3880.0,739.0,2069.0,5536.0,6213.0,1107.0,2334.0,2427.0,4997.0,6399.0,4954.0,6189.0,6370
498,2489.0,4217.0,768.0,3880.0,739.0,2069.0,5536.0,6213.0,1107.0,2334.0,2427.0,4997.0,6399.0,4954.0,6208.0,6381
499,2489.0,4217.0,768.0,3880.0,739.0,2069.0,5536.0,6213.0,1107.0,2334.0,2427.0,4997.0,6399.0,4954.0,6219.0,6390
500,2489.0,4217.0,768.0,3880.0,739.0,2069.0,5536.0,6213.0,1107.0,2334.0,2427.0,4997.0,6399.0,4954.0,6228.0,6401
501,2489.0,4217.0,768.0,3880.0,739.0,2069.0,5536.0,6213.0,1107.0,2334.0,2427.0,4997.0,6399.0,4954.0,6244.0,6409
502,2489.0,4217.0,768.0,3880.0,739.0,2069.0,5536.0,6213.0,1107.0,2334.0,2427.0,4997.0,6399.0,4954.0,6256.0,6418
503,2489.0,4217.0,768.0,3880.0,739.0,2069.0,5536.0,6213.0,1107.0,2334.0,2427.0,4997.0,6399.0,4954.0,6267.0,6433
504,2489.0,4217.0,768.0,3880.0,739.0,2069.0,5536.0,6213.0,1107.0,2334.0,2427.0,4997.0,6399.0,4954.0,6276.0,6445
505,2489.0,4217.0,768.0,3880.0,739.0,2069.0,5536.0,6213.0,1107.0,2334.0,2427.0,4997.0,6399.0,4954.0,6284.0,6459
506,2489.0,4217.0,768.0,3880.0,739.0,2069.0,5536.0,6213.0,1107.0,2334.0,2427.0,4997.0,6399.0,4954.0,6295.0,6474
507,2489.0,4217.0,768.0,3880.0,739.0,2069.0,5536.0,6213.0,1107.0,2334.0,2427.0,4997.0,6399.0,4954.0,6307.0,6482
508,2489.0,4217.0,768.0,3880.0,739.0,2069.0,5536.0,6213.0,1107.0,2334.0,2427.0,4997.0,6399.0,4954.0,6331.0,6489
509,2489.0,4217.0,768.0,3880.0,739.0,2069.0,5536.0,6213.0,1107.0,2334.0,2427.0,4997.0,6399.0,4954.0,6344.0,6512
510,2489.0,4217.0,768.0,3880.0,739.0,2069.0,5536.0,6213.0,1107.0,2334.0,2427.0,4997.0,6399.0,4954.0,6352.0,6524
511,2489.0,4217.0,768.0,3880.0,739.0,2069.0,5536.0,6213.0,1107.0,2334.0,2427.0,4997.0,6399.0,4954.0,6369.0,6531
512,2489.0,4217.0,768.0,3880.0,739.0,2069.0,5536.0,6213.0,1107.0,2334.0,2427.0,4997.0,6399.0,4954.0,6375.0,6541
513,2489.0,4217.0,768.0,3880.0,739.0,2069.0,5536.0,6213.0,1107.0,2334.0,2427.0,4997.0,6399.0,4954.0,6384.0,6557
514,2489.0,4217.0,768.0,3880.0,739.0,2069.0,5536.0,6213.0,1107.0,2334.0,2427.0,4997.0,6399.0,4954.0,6395.0,6565
515,2489.0,4217.0,768.0,3880.0,739.0,2069.0,5536.0,6213.0,1107.0,2334.0,2427.0,4997.0,6399.0,4954.0,6409.0,6569
516,2489.0,4217.0,768.0,3880.0,739.0,2069.0,5536.0,6213.0,1107.0,2334.0,2427.0,4997.0,6399.0,4954.0,6427.0,6583
517,2489.0,4217.0,768.0,3880.0,739.0,2069.0,5536.0,6213.0,1107.0,2334.0,2427.0,4997.0,6399.0,4954.0,6442.0,6591
518,2489.0,4217.0,768.0,3880.0,739.0,2069.0,5536.0,6213.0,1107.0,2334.0,2427.0,4997.0,6399.0,4954.0,6450.0,6602
519,2489.0,4217.0,768.0,3880.0,739.0,2069.0,5536.0,6213.0,1107.0,2334.0,2427.0,4997.0,6399.0,4954.0,6455.0,6613
520,2489.0,4217.0,768.0,3880.0,739.0,2069.0,5536.0,6213.0,1107.0,2334.0,2427.0,4997.0,6399.0,4954.0,6468.0,6627
521,2489.0,4217.0,768.0,3880.0,739.0,2069.0,5536.0,6213.0,1107.0,2334.0,2427.0,4997.0,6399.0,4954.0,6487.0,6643
522,2489.0,4217.0,768.0,3880.0,739.0,2069.0,5536.0,6213.0,1107.0,2334.0,2427.0,4997.0,6399.0,4954.0,6502.0,6663
523,2489.0,4217.0,768.0,3880.0,739.0,2069.0,5536.0,6213.0,1107.0,2334.0,2427.0,4997.0,6399.0,4954.0,6511.0,6667
524,2489.0,4217.0,768.0,3880.0,739.0,2069.0,5536.0,6213.0,1107.0,2334.0,2427.0,4997.0,6399.0,4954.0,6522.0,6679
525,2489.0,4217.0,768.0,3880.0,739.0,2069.0,5536.0,6213.0,1107.0,2334.0,2427.0,4997.0,6399.0,4954.0,6526.0,6693
526,2489.0,4217.0,768.0,3880.0,739.0,2069.0,5536.0,6213.0,1107.0,2334.0,2427.0,4997.0,6399.0,4954.0,6542.0,6702
527,2489.0,4217.0,768.0,3880.0,739.0,2069.0,5536.0,6213.0,1107.0,2334.0,2427.0,4997.0,6399.0,4954.0,6557.0,6727
528,2489.0,4217.0,768.0,3880.0,739.0,2069.0,5536.0,6213.0,1107.0,2334.0,2427.0,4997.0,6399.0,4954.0,6567.0,6738
529,2489.0,4217.0,768.0,3880.0,739.0,2069.0,5536.0,6213.0,1107.0,2334.0,2427.0,4997.0,6399.0,4954.0,6572.0,6752
530,2489.0,4217.0,768.0,3880.0,739.0,2069.0,5536.0,6213.0,1107.0,2334.0,2427.0,4997.0,6399.0,4954.0,6575.0,6758
531,2489.0,4217.0,768.0,3880.0,739.0,2069.0,5536.0,6213.0,1107.0,2334.0,2427.0,4997.0,6399.0,4954.0,6580.0,6771
532,2489.0,4217.0,768.0,3880.0,739.0,2069.0,5536.0,6213.0,1107.0,2334.0,2427.0,4997.0,6399.0,4954.0,6588.0,6791
533,2489.0,4217.0,768.0,3880.0,739.0,2069.0,5536.0,6213.0,1107.0,2334.0,2427.0,4997.0,6399.0,4954.0,6598.0,6799
534,2489.0,4217.0,768.0,3880.0,739.0,2069.0,5536.0,6213.0,1107.0,2334.0,2427.0,4997.0,6399.0,4954.0,6606.0,6819
535,2489.0,4217.0,768.0,3880.0,739.0,2069.0,5536.0,6213.0,1107.0,2334.0,2427.0,4997.0,6399.0,4954.0,6617.0,6831
536,2489.0,4217.0,768.0,3880.0,739.0,2069.0,5536.0,6213.0,1107.0,2334.0,2427.0,4997.0,6399.0,4954.0,6617.0,6840
537,2489.0,4217.0,768.0,3880.0,739.0,2069.0,5536.0,6213.0,1107.0,2334.0,2427.0,4997.0,6399.0,4954.0,6617.0,6860
538,2489.0,4217.0,768.0,3880.0,739.0,2069.0,5536.0,6213.0,1107.0,2334.0,2427.0,4997.0,6399.0,4954.0,6617.0,6877
539,2489.0,4217.0,768.0,3880.0,739.0,2069.0,5536.0,6213.0,1107.0,2334.0,2427.0,4997.0,6399.0,4954.0,6617.0,6897
540,2489.0,4217.0,768.0,3880.0,739.0,2069.0,5536.0,6213.0,1107.0,2334.0,2427.0,4997.0,6399.0,4954.0,6617.0,6909
541,2489.0,4217.0,768.0,3880.0,739.0,2069.0,5536.0,6213.0,1107.0,2334.0,2427.0,4997.0,6399.0,4954.0,6617.0,6920
542,2489.0,4217.0,768.0,3880.0,739.0,2069.0,5536.0,6213.0,1107.0,2334.0,2427.0,4997.0,6399.0,4954.0,6617.0,6936
543,2489.0,4217.0,768.0,3880.0,739.0,2069.0,5536.0,6213.0,1107.0,2334.0,2427.0,4997.0,6399.0,4954.0,6617.0,6945
544,2489.0,4217.0,768.0,3880.0,739.0,2069.0,5536.0,6213.0,1107.0,2334.0,2427.0,4997.0,6399.0,4954.0,6617.0,6958
545,2489.0,4217.0,768.0,3880.0,739.0,2069.0,5536.0,6213.0,1107.0,2334.0,2427.0,4997.0,6399.0,4954.0,6617.0,6962
546,2489.0,4217.0,768.0,3880.0,739.0,2069.0,5536.0,6213.0,1107.0,2334.0,2427.0,4997.0,6399.0,4954.0,6617.0,6977
547,2489.0,4217.0,768.0,3880.0,739.0,2069.0,5536.0,6213.0,1107.0,2334.0,2427.0,4997.0,6399.0,4954.0,6617.0,6984
548,2489.0,4217.0,768.0,3880.0,739.0,2069.0,5536.0,6213.0,1107.0,2334.0,2427.0,4997.0,6399.0,4954.0,6617.0,6999
549,2489.0,4217.0,768.0,3880.0,739.0,2069.0,5536.0,6213.0,1107.0,2334.0,2427.0,4997.0,6399.0,4954.0,6617.0,7009
550,2489.0,4217.0,768.0,3880.0,739.0,2069.0,5536.0,6213.0,1107.0,2334.0,2427.0,4997.0,6399.0,4954.0,6617.0,7024
551,2489.0,4217.0,768.0,3880.0,739.0,2069.0,5536.0,6213.0,1107.0,2334.0,2427.0,4997.0,6399.0,4954.0,6617.0,7033
552,2489.0,4217.0,768.0,3880.0,739.0,2069.0,5536.0,6213.0,1107.0,2334.0,2427.0,4997.0,6399.0,4954.0,6617.0,7039
553,2489.0,4217.0,768.0,3880.0,739.0,2069.0,5536.0,6213.0,1107.0,2334.0,2427.0,4997.0,6399.0,4954.0,6617.0,7059
554,2489.0,4217.0,768.0,3880.0,739.0,2069.0,5536.0,6213.0,1107.0,2334.0,2427.0,4997.0,6399.0,4954.0,6617.0,7077
555,2489.0,4217.0,768.0,3880.0,739.0,2069.0,5536.0,6213.0,1107.0,2334.0,2427.0,4997.0,6399.0,4954.0,6617.0,7083
556,2489.0,4217.0,768.0,3880.0,739.0,2069.0,5536.0,6213.0,1107.0,2334.0,2427.0,4997.0,6399.0,4954.0,6617.0,7092
557,2489.0,4217.0,768.0,3880.0,739.0,2069.0,5536.0,6213.0,1107.0,2334.0,2427.0,4997.0,6399.0,4954.0,6617.0,7100
558,2489.0,4217.0,768.0,3880.0,739.0,2069.0,5536.0,6213.0,1107.0,2334.0,2427.0,4997.0,6399.0,4954.0,6617.0,7111
559,2489.0,4217.0,768.0,3880.0,739.0,2069.0,5536.0,6213.0,1107.0,2334.0,2427.0,4997.0,6399.0,4954.0,6617.0,7117
560,2489.0,4217.0,768.0,3880.0,739.0,2069.0,5536.0,6213.0,1107.0,2334.0,2427.0,4997.0,6399.0,4954.0,6617.0,7133
561,2489.0,4217.0,768.0,3880.0,739.0,2069.0,5536.0,6213.0,1107.0,2334.0,2427.0,4997.0,6399.0,4954.0,6617.0,7146
562,2489.0,4217.0,768.0,3880.0,739.0,2069.0,5536.0,6213.0,1107.0,2334.0,2427.0,4997.0,6399.0,4954.0,6617.0,7165
563,2489.0,4217.0,768.0,3880.0,739.0,2069.0,5536.0,6213.0,1107.0,2334.0,2427.0,4997.0,6399.0,4954.0,6617.0,7172
564,2489.0,4217.0,768.0,3880.0,739.0,2069.0,5536.0,6213.0,1107.0,2334.0,2427.0,4997.0,6399.0,4954.0,6617.0,7179
565,2489.0,4217.0,768.0,3880.0,739.0,2069.0,5536.0,6213.0,1107.0,2334.0,2427.0,4997.0,6399.0,4954.0,6617.0,7188
566,2489.0,4217.0,768.0,3880.0,739.0,2069.0,5536.0,6213.0,1107.0,2334.0,2427.0,4997.0,6399.0,4954.0,6617.0,7199
567,2489.0,4217.0,768.0,3880.0,739.0,2069.0,5536.0,6213.0,1107.0,2334.0,2427.0,4997.0,6399.0,4954.0,6617.0,7208
568,2489.0,4217.0,768.0,3880.0,739.0,2069.0,5536.0,6213.0,1107.0,2334.0,2427.0,4997.0,6399.0,4954.0,6617.0,7213
569,2489.0,4217.0,768.0,3880.0,739.0,2069.0,5536.0,6213.0,1107.0,2334.0,2427.0,4997.0,6399.0,4954.0,6617.0,7221
570,2489.0,4217.0,768.0,3880.0,739.0,2069.0,5536.0,6213.0,1107.0,2334.0,2427.0,4997.0,6399.0,4954.0,6617.0,7233
571,2489.0,4217.0,768.0,3880.0,739.0,2069.0,5536.0,6213.0,1107.0,2334.0,2427.0,4997.0,6399.0,4954.0,6617.0,7257
572,2489.0,4217.0,768.0,3880.0,739.0,2069.0,5536.0,6213.0,1107.0,2334.0,2427.0,4997.0,6399.0,4954.0,6617.0,7270
573,2489.0,4217.0,768.0,3880.0,739.0,2069.0,5536.0,6213.0,1107.0,2334.0,2427.0,4997.0,6399.0,4954.0,6617.0,7273
